,Season,Month,Year,Date,Pressure,Longitude,Latitude
1,DJF,1,1980,1/10/1980,1019.509428,324.7801662,35.60733928
2,DJF,1,1980,1/20/1980,1016.114134,340.7508457,26.79396963
3,DJF,1,1980,1/30/1980,1018.301807,340.7607017,30.96778228
4,DJF,2,1980,2/9/1980,1018.717691,338.7932176,31.41837314
5,DJF,2,1980,2/19/1980,1019.341679,333.0041929,32.50536911
6,DJF,2,1980,2/29/1980,1020.590177,332.7131314,35.35424906
7,MAM,3,1980,3/10/1980,1021.753797,324.7778848,34.12415269
8,MAM,3,1980,3/20/1980,1017.030046,313.0123505,27.56200942
9,MAM,3,1980,3/30/1980,1016.978254,333.0950054,32.73230917
10,MAM,4,1980,4/9/1980,1018.469131,323.6718928,38.95756091
11,MAM,4,1980,4/19/1980,1018.921422,329.2381605,36.85167883
12,MAM,4,1980,4/29/1980,1017.258319,325.2764394,30.26775148
13,MAM,5,1980,5/9/1980,1017.714758,323.6370032,27.9576022
14,MAM,5,1980,5/19/1980,1019.246087,324.9421628,33.62716585
15,MAM,5,1980,5/29/1980,1018.608754,327.530154,31.4864308
16,JJA,6,1980,6/8/1980,1020.220456,321.5476761,33.29370576
17,JJA,6,1980,6/18/1980,1022.09912,323.2860632,33.51956373
18,JJA,6,1980,6/28/1980,1021.640778,323.4550594,33.76348349
19,JJA,7,1980,7/8/1980,1021.036335,325.2023684,34.14655773
20,JJA,7,1980,7/18/1980,1019.500483,319.5631011,32.76413515
21,JJA,7,1980,7/28/1980,1019.183179,318.8731164,33.05802087
22,JJA,8,1980,8/7/1980,1018.885562,323.6158905,32.61128679
23,JJA,8,1980,8/17/1980,1018.054024,328.1733914,33.77895402
24,JJA,8,1980,8/27/1980,1018.170538,322.631295,32.6433166
25,SON,9,1980,9/6/1980,1019.939026,329.1373415,35.67899477
26,SON,9,1980,9/16/1980,1018.507987,325.3570986,33.94096696
27,SON,9,1980,9/26/1980,1019.278601,331.4938624,36.38315067
28,SON,10,1980,10/6/1980,1017.902652,330.2791742,35.00073786
29,SON,10,1980,10/16/1980,1016.776257,325.7636303,29.79429246
30,SON,10,1980,10/26/1980,1018.602153,326.9210636,31.11678936
31,SON,11,1980,11/5/1980,1016.519622,322.7170522,29.79939784
32,SON,11,1980,11/15/1980,1017.829051,337.7211573,30.75379607
33,SON,11,1980,11/25/1980,1018.563471,339.9840508,34.11069841
34,DJF,12,1980,12/5/1980,1018.650024,340.3343454,35.37386277
35,DJF,12,1980,12/15/1980,1022.249953,336.1365569,33.11772312
36,DJF,12,1980,12/25/1980,1022.601543,333.4370197,36.93724267
37,DJF,1,1981,1/4/1981,1023.841707,340.6399207,35.95794631
38,DJF,1,1981,1/14/1981,1022.463831,336.5847715,35.37803482
39,DJF,1,1981,1/24/1981,1021.266037,345.2137419,35.05385616
40,DJF,2,1981,2/3/1981,1023.653242,335.7134016,34.59746947
41,DJF,2,1981,2/13/1981,1023.003802,317.538895,36.57314446
42,DJF,2,1981,2/23/1981,1016.929543,341.983301,36.2563751
43,MAM,3,1981,3/5/1981,1016.360279,351.8982045,33.05664229
44,MAM,3,1981,3/15/1981,1016.727783,329.7990114,28.52376443
45,MAM,3,1981,3/25/1981,1017.568956,325.3357783,27.23954354
46,MAM,4,1981,4/4/1981,1019.417743,318.7531146,32.7612649
47,MAM,4,1981,4/14/1981,1019.348107,318.9967245,34.47666354
48,MAM,4,1981,4/24/1981,1020.061953,329.7762265,35.19688595
49,MAM,5,1981,5/4/1981,1019.467543,323.4916408,35.72016384
50,MAM,5,1981,5/14/1981,1019.159524,319.3398572,33.1011728
51,MAM,5,1981,5/24/1981,1019.837009,325.8821532,31.50494866
52,JJA,6,1981,6/3/1981,1019.31073,323.5170999,29.64349305
53,JJA,6,1981,6/13/1981,1018.614935,331.8789085,33.56614193
54,JJA,6,1981,6/23/1981,1019.81335,323.2865183,36.94342358
55,JJA,7,1981,7/3/1981,1021.050965,323.1208665,34.99259265
56,JJA,7,1981,7/13/1981,1020.936649,328.0177738,35.23476021
57,JJA,7,1981,7/23/1981,1020.989902,325.7955358,36.58752084
58,JJA,8,1981,8/2/1981,1020.130435,325.4374898,35.17261055
59,JJA,8,1981,8/12/1981,1019.456,324.0547351,35.04357011
60,JJA,8,1981,8/22/1981,1018.669743,331.4249899,36.21043855
61,SON,9,1981,9/1/1981,1018.0335,327.4787196,38.08838884
62,SON,9,1981,9/11/1981,1018.228085,333.1095658,32.75842365
63,SON,9,1981,9/21/1981,1018.91664,322.5385472,31.64015687
64,SON,10,1981,10/1/1981,1017.08968,325.3484291,29.98672374
65,SON,10,1981,10/11/1981,1018.180865,334.6140092,32.85228179
66,SON,10,1981,10/21/1981,1019.889647,325.2519107,38.11453026
67,SON,10,1981,10/31/1981,1018.94437,336.3062586,36.45909543
68,SON,11,1981,11/10/1981,1020.12072,337.0474284,38.45459021
69,SON,11,1981,11/20/1981,1019.143961,346.8727555,34.33687322
70,SON,11,1981,11/30/1981,1020.929356,346.5109213,36.77280668
71,DJF,12,1981,12/10/1981,1018.936623,338.6212875,28.72063496
72,DJF,12,1981,12/20/1981,1019.862845,323.2155074,29.94002697
73,DJF,12,1981,12/30/1981,1017.190641,315.4150813,29.75300505
74,DJF,1,1982,1/9/1982,1017.740617,329.9307475,27.36061113
75,DJF,1,1982,1/19/1982,1020.492966,335.0163503,31.6734429
76,DJF,1,1982,1/29/1982,1020.785672,330.757274,33.7121333
77,DJF,2,1982,2/8/1982,1021.686267,327.3630801,32.33614444
78,DJF,2,1982,2/18/1982,1018.204275,329.8625842,30.01059484
79,DJF,2,1982,2/28/1982,1020.753449,331.1301786,31.82535638
80,MAM,3,1982,3/10/1982,1022.475455,325.0775254,35.16606516
81,MAM,3,1982,3/20/1982,1018.530409,337.1121774,35.1096032
82,MAM,3,1982,3/30/1982,1018.448004,316.1729008,31.45253543
83,MAM,4,1982,4/9/1982,1017.719612,319.8846677,29.94024917
84,MAM,4,1982,4/19/1982,1019.788032,318.8438532,36.10558625
85,MAM,4,1982,4/29/1982,1020.585442,326.1030514,38.94916592
86,MAM,5,1982,5/9/1982,1019.354113,331.6175797,35.91103524
87,MAM,5,1982,5/19/1982,1019.242288,325.1875031,33.63556825
88,MAM,5,1982,5/29/1982,1020.044588,328.2608686,33.11230104
89,JJA,6,1982,6/8/1982,1018.826094,323.4844863,32.82309923
90,JJA,6,1982,6/18/1982,1019.100278,319.8768219,29.37776877
91,JJA,6,1982,6/28/1982,1019.860598,322.2740682,31.71614922
92,JJA,7,1982,7/8/1982,1020.516176,322.7458576,34.56637765
93,JJA,7,1982,7/18/1982,1020.283146,324.2126256,34.71622833
94,JJA,7,1982,7/28/1982,1019.589532,320.7361756,32.60227634
95,JJA,8,1982,8/7/1982,1020.134064,322.7477276,35.86901409
96,JJA,8,1982,8/17/1982,1020.209193,323.038312,33.49198539
97,JJA,8,1982,8/27/1982,1020.638265,324.5119976,35.81985427
98,SON,9,1982,9/6/1982,1019.478045,327.2510983,35.89975284
99,SON,9,1982,9/16/1982,1017.830985,326.3966587,33.79927636
100,SON,9,1982,9/26/1982,1019.407918,319.2640878,32.48222813
101,SON,10,1982,10/6/1982,1017.665975,330.2710334,32.65760567
102,SON,10,1982,10/16/1982,1018.107809,325.385393,30.89097574
103,SON,10,1982,10/26/1982,1018.660183,329.1228821,34.9746387
104,SON,11,1982,11/5/1982,1018.4465,323.9842494,32.26801511
105,SON,11,1982,11/15/1982,1021.420625,329.1916121,36.40247328
106,SON,11,1982,11/25/1982,1019.857932,329.035124,33.88337485
107,DJF,12,1982,12/5/1982,1021.223208,334.6562881,33.18001707
108,DJF,12,1982,12/15/1982,1021.540598,331.571568,33.92718361
109,DJF,12,1982,12/25/1982,1022.840527,331.4372785,33.84305703
110,DJF,1,1983,1/4/1983,1025.390577,336.959105,33.91677683
111,DJF,1,1983,1/14/1983,1023.801333,340.3037543,36.23557613
112,DJF,1,1983,1/24/1983,1023.350984,342.9376536,33.84514301
113,DJF,2,1983,2/3/1983,1020.260968,339.1046643,34.73585274
114,DJF,2,1983,2/13/1983,1017.117992,327.1293022,34.41891847
115,DJF,2,1983,2/23/1983,1019.691285,348.5340817,33.24149241
116,MAM,3,1983,3/5/1983,1020.218918,342.5581344,35.03610601
117,MAM,3,1983,3/15/1983,1019.595936,342.1368878,34.36446384
118,MAM,3,1983,3/25/1983,1020.12081,328.9437036,36.78905458
119,MAM,4,1983,4/4/1983,1017.400964,324.6455927,33.29288711
120,MAM,4,1983,4/14/1983,1017.582821,323.5827736,39.85835895
121,MAM,4,1983,4/24/1983,1019.601162,322.2908306,34.75960894
122,MAM,5,1983,5/4/1983,1019.848056,319.299983,32.65771186
123,MAM,5,1983,5/14/1983,1020.145798,318.7681995,33.90973972
124,MAM,5,1983,5/24/1983,1019.447077,321.6588596,34.74230185
125,JJA,6,1983,6/3/1983,1017.980773,323.8032443,32.71223328
126,JJA,6,1983,6/13/1983,1019.920543,328.0472331,36.30873669
127,JJA,6,1983,6/23/1983,1019.752657,328.7584777,35.74686867
128,JJA,7,1983,7/3/1983,1020.746304,322.429206,34.2559415
129,JJA,7,1983,7/13/1983,1019.026079,324.1222542,33.89154835
130,JJA,7,1983,7/23/1983,1021.455742,323.7612081,34.0591885
131,JJA,8,1983,8/2/1983,1021.924801,321.619371,35.6668645
132,JJA,8,1983,8/12/1983,1020.656362,322.7124612,34.10343468
133,JJA,8,1983,8/22/1983,1019.85707,326.0002697,34.18765801
134,SON,9,1983,9/1/1983,1018.969138,328.3121313,32.84756053
135,SON,9,1983,9/11/1983,1018.333553,321.724392,30.94679974
136,SON,9,1983,9/21/1983,1019.095411,324.4986443,34.95788781
137,SON,10,1983,10/1/1983,1018.943395,327.8958459,33.30403291
138,SON,10,1983,10/11/1983,1020.683656,327.1050927,36.02459844
139,SON,10,1983,10/21/1983,1019.475324,336.8257455,38.33919902
140,SON,10,1983,10/31/1983,1018.842595,331.3008696,36.41476259
141,SON,11,1983,11/10/1983,1016.606399,328.7701537,29.78337589
142,SON,11,1983,11/20/1983,1016.491638,336.8882591,29.77223929
143,SON,11,1983,11/30/1983,1019.233133,336.4308258,31.87410838
144,DJF,12,1983,12/10/1983,1020.26453,330.3846305,33.99231735
145,DJF,12,1983,12/20/1983,1019.691973,324.2804339,28.21083553
146,DJF,12,1983,12/30/1983,1023.501682,334.9033672,35.31701906
147,DJF,1,1984,1/9/1984,1023.996084,331.6405165,34.08108109
148,DJF,1,1984,1/19/1984,1023.38057,326.5249269,32.85029764
149,DJF,1,1984,1/29/1984,1021.705315,332.5930361,32.89410598
150,DJF,2,1984,2/8/1984,1023.491316,331.8986612,35.72459032
151,DJF,2,1984,2/18/1984,1019.525502,336.6758618,34.87569158
152,DJF,2,1984,2/28/1984,1018.163255,323.096091,34.12112861
153,MAM,3,1984,3/9/1984,1019.97677,326.6445922,37.78168913
154,MAM,3,1984,3/19/1984,1019.629839,315.7402588,35.76397801
155,MAM,3,1984,3/29/1984,1017.983085,332.5118983,29.43345477
156,MAM,4,1984,4/8/1984,1017.495159,321.9210836,36.49472123
157,MAM,4,1984,4/18/1984,1017.408115,330.9035294,32.98302225
158,MAM,4,1984,4/28/1984,1017.932064,322.4190291,30.33882867
159,MAM,5,1984,5/8/1984,1018.912011,320.8490567,34.0721055
160,MAM,5,1984,5/18/1984,1021.774239,321.7420574,35.20688079
161,MAM,5,1984,5/28/1984,1021.867737,319.739917,34.15031445
162,JJA,6,1984,6/7/1984,1019.749567,326.8099394,32.66552074
163,JJA,6,1984,6/17/1984,1020.598499,326.890589,35.89324602
164,JJA,6,1984,6/27/1984,1020.681215,324.9075505,35.07020631
165,JJA,7,1984,7/7/1984,1020.06915,321.4977175,34.41026599
166,JJA,7,1984,7/17/1984,1020.239387,322.942887,35.41261677
167,JJA,7,1984,7/27/1984,1020.574349,323.998049,35.13387255
168,JJA,8,1984,8/6/1984,1020.6938,327.7343009,36.37266273
169,JJA,8,1984,8/16/1984,1018.715999,323.6153322,33.99075907
170,JJA,8,1984,8/26/1984,1018.518661,323.6915428,32.93162555
171,SON,9,1984,9/5/1984,1018.323811,326.2255601,34.51462104
172,SON,9,1984,9/15/1984,1018.658338,324.7365009,36.15318395
173,SON,9,1984,9/25/1984,1017.980043,323.5674415,34.3512127
174,SON,10,1984,10/5/1984,1019.172539,324.6620547,34.37054354
175,SON,10,1984,10/15/1984,1017.937137,336.2145673,33.81218634
176,SON,10,1984,10/25/1984,1019.627181,325.9678844,34.72499164
177,SON,11,1984,11/4/1984,1018.184446,315.659493,34.46197996
178,SON,11,1984,11/14/1984,1017.203149,325.2793949,28.79980897
179,SON,11,1984,11/24/1984,1019.100148,333.1174844,31.49488009
180,DJF,12,1984,12/4/1984,1020.120788,330.8230121,31.76708272
181,DJF,12,1984,12/14/1984,1018.862431,335.90729,35.68351287
182,DJF,12,1984,12/24/1984,1021.743005,330.5331291,34.68870246
183,DJF,1,1985,1/3/1985,1017.945946,321.1788553,30.0394759
184,DJF,1,1985,1/13/1985,1018.05821,337.4035727,31.12286554
185,DJF,1,1985,1/23/1985,1017.587166,326.0358204,26.07677888
186,DJF,2,1985,2/2/1985,1019.215398,337.1894216,31.2078345
187,DJF,2,1985,2/12/1985,1018.805431,326.8042472,26.46394242
188,DJF,2,1985,2/22/1985,1022.198035,326.9927154,34.27601081
189,MAM,3,1985,3/4/1985,1021.602636,330.9399353,34.1157786
190,MAM,3,1985,3/14/1985,1020.981374,328.2300498,35.22377586
191,MAM,3,1985,3/24/1985,1018.042856,320.4874684,27.41674115
192,MAM,4,1985,4/3/1985,1018.02483,325.8132898,28.49090129
193,MAM,4,1985,4/13/1985,1021.761277,323.0989907,33.47225159
194,MAM,4,1985,4/23/1985,1017.994263,326.7784378,35.05622834
195,MAM,5,1985,5/3/1985,1019.94262,325.0208319,34.26157505
196,MAM,5,1985,5/13/1985,1019.605578,322.3684093,32.50386101
197,MAM,5,1985,5/23/1985,1017.874125,317.5492645,27.83672055
198,JJA,6,1985,6/2/1985,1018.201946,323.2085043,35.24189855
199,JJA,6,1985,6/12/1985,1019.446111,324.1064173,32.84263052
200,JJA,6,1985,6/22/1985,1019.112207,323.5895479,32.08854149
201,JJA,7,1985,7/2/1985,1020.058346,321.7656315,33.4591392
202,JJA,7,1985,7/12/1985,1021.01167,323.8196915,35.46447083
203,JJA,7,1985,7/22/1985,1020.132718,322.9444796,34.14134896
204,JJA,8,1985,8/1/1985,1020.647677,320.0231264,34.06990516
205,JJA,8,1985,8/11/1985,1017.977968,321.4823504,32.45908668
206,JJA,8,1985,8/21/1985,1020.175421,321.2027213,34.82740556
207,JJA,8,1985,8/31/1985,1018.910963,327.9062274,34.34520708
208,SON,9,1985,9/10/1985,1018.200451,330.9275644,36.29061023
209,SON,9,1985,9/20/1985,1017.944869,327.5006769,36.05838742
210,SON,9,1985,9/30/1985,1019.429589,325.7084002,33.65954747
211,SON,10,1985,10/10/1985,1019.336579,334.1716977,35.36300505
212,SON,10,1985,10/20/1985,1019.330829,329.8135631,37.2365327
213,SON,10,1985,10/30/1985,1015.21634,335.1895773,36.62317267
214,SON,11,1985,11/9/1985,1018.397802,318.9341413,34.53975282
215,SON,11,1985,11/19/1985,1018.76679,326.5574334,35.98775955
216,SON,11,1985,11/29/1985,1017.43645,330.4372185,30.18552161
217,DJF,12,1985,12/9/1985,1019.749131,336.2212071,31.96552795
218,DJF,12,1985,12/19/1985,1021.902841,336.1110833,31.27538417
219,DJF,12,1985,12/29/1985,1021.013276,322.7677663,30.26059868
220,DJF,1,1986,1/8/1986,1023.225378,333.4282368,31.3150568
221,DJF,1,1986,1/18/1986,1024.606699,333.2667096,32.77613201
222,DJF,1,1986,1/28/1986,1022.218424,322.332666,35.54270697
223,DJF,2,1986,2/7/1986,1017.8876,327.1140256,29.07179265
224,DJF,2,1986,2/17/1986,1018.026865,324.395912,26.84760975
225,DJF,2,1986,2/27/1986,1017.997786,323.3361266,31.87403637
226,MAM,3,1986,3/9/1986,1020.340799,325.2734212,31.10664765
227,MAM,3,1986,3/19/1986,1020.856158,331.2962306,33.70695768
228,MAM,3,1986,3/29/1986,1022.171783,322.4144349,33.31043935
229,MAM,4,1986,4/8/1986,1017.0953,324.5184654,35.59814866
230,MAM,4,1986,4/18/1986,1019.474255,324.5596094,35.28338402
231,MAM,4,1986,4/28/1986,1020.069549,325.7609739,34.33490942
232,MAM,5,1986,5/8/1986,1017.618907,330.7786064,32.3827917
233,MAM,5,1986,5/18/1986,1019.075164,322.8911484,33.93460245
234,MAM,5,1986,5/28/1986,1020.477125,331.6364113,36.64996833
235,JJA,6,1986,6/7/1986,1021.230333,322.7907921,33.41462141
236,JJA,6,1986,6/17/1986,1019.592669,321.5853772,32.91298296
237,JJA,6,1986,6/27/1986,1019.876706,322.0918401,32.2071875
238,JJA,7,1986,7/7/1986,1020.826378,325.1619155,32.55054564
239,JJA,7,1986,7/17/1986,1020.712139,325.2787944,35.60422968
240,JJA,7,1986,7/27/1986,1020.351012,321.6052003,33.90923705
241,JJA,8,1986,8/6/1986,1019.843102,322.4370795,33.63570068
242,JJA,8,1986,8/16/1986,1017.706285,317.6890175,33.40199777
243,JJA,8,1986,8/26/1986,1017.660493,322.5629427,34.12780256
244,SON,9,1986,9/5/1986,1017.762409,327.2308347,36.61683016
245,SON,9,1986,9/15/1986,1017.725818,322.64007,35.66486381
246,SON,9,1986,9/25/1986,1019.451609,331.7277739,35.61001119
247,SON,10,1986,10/5/1986,1018.161356,334.4823939,33.70894152
248,SON,10,1986,10/15/1986,1019.04785,328.8298029,35.75766028
249,SON,10,1986,10/25/1986,1019.705028,332.4055191,33.74086748
250,SON,11,1986,11/4/1986,1021.322828,329.2799126,36.14898277
251,SON,11,1986,11/14/1986,1021.135884,329.8830193,32.30051882
252,SON,11,1986,11/24/1986,1020.507288,333.4925422,34.11517054
253,DJF,12,1986,12/4/1986,1021.781921,335.2451958,32.66541478
254,DJF,12,1986,12/14/1986,1022.187509,335.2955996,32.26078998
255,DJF,12,1986,12/24/1986,1022.079621,339.2524866,33.66044544
256,DJF,1,1987,1/3/1987,1019.472178,346.9565015,32.32829096
257,DJF,1,1987,1/13/1987,1018.347473,330.1048344,28.02305689
258,DJF,1,1987,1/23/1987,1018.621824,342.4480417,33.2341499
259,DJF,2,1987,2/2/1987,1019.21458,334.9171481,29.17070218
260,DJF,2,1987,2/12/1987,1019.179596,331.2044152,28.73234332
261,DJF,2,1987,2/22/1987,1016.798362,332.489329,30.24938458
262,MAM,3,1987,3/4/1987,1018.135971,334.3987158,33.31372565
263,MAM,3,1987,3/14/1987,1018.342613,329.9239322,39.61998501
264,MAM,3,1987,3/24/1987,1017.735802,337.7819691,33.69015597
265,MAM,4,1987,4/3/1987,1017.000894,318.755283,37.66232696
266,MAM,4,1987,4/13/1987,1018.472525,336.7459621,35.49945102
267,MAM,4,1987,4/23/1987,1018.960439,328.1883414,34.72880167
268,MAM,5,1987,5/3/1987,1020.021603,325.7025725,37.97122271
269,MAM,5,1987,5/13/1987,1019.150729,324.1420147,36.75814611
270,MAM,5,1987,5/23/1987,1019.012157,321.2947372,36.26952389
271,JJA,6,1987,6/2/1987,1018.279262,328.6402955,33.02392223
272,JJA,6,1987,6/12/1987,1020.833489,322.3970787,33.17964174
273,JJA,6,1987,6/22/1987,1020.452287,327.8051415,32.33554674
274,JJA,7,1987,7/2/1987,1020.263427,325.6812,33.84199763
275,JJA,7,1987,7/12/1987,1018.94366,321.325101,31.92909651
276,JJA,7,1987,7/22/1987,1019.27543,324.9744236,35.48814895
277,JJA,8,1987,8/1/1987,1019.538084,325.8775488,36.16560091
278,JJA,8,1987,8/11/1987,1017.039806,325.9136098,31.74194812
279,JJA,8,1987,8/21/1987,1018.009815,321.0649056,32.68611458
280,JJA,8,1987,8/31/1987,1018.466486,321.6089913,34.85067609
281,SON,9,1987,9/10/1987,1018.111798,327.6456502,36.18745057
282,SON,9,1987,9/20/1987,1016.983053,336.1871532,30.58461032
283,SON,9,1987,9/30/1987,1018.473063,322.1343835,34.36358245
284,SON,10,1987,10/10/1987,1018.468538,322.18248,33.43433289
285,SON,10,1987,10/20/1987,1018.432308,322.5068083,35.73130338
286,SON,10,1987,10/30/1987,1017.413346,324.8540676,36.01529447
287,SON,11,1987,11/9/1987,1018.84198,334.3069141,32.99479718
288,SON,11,1987,11/19/1987,1019.203723,328.4268653,36.08411083
289,SON,11,1987,11/29/1987,1016.410788,324.3136804,35.53810317
290,DJF,12,1987,12/9/1987,1016.507376,330.233084,25.43076239
291,DJF,12,1987,12/19/1987,1019.684796,340.3310289,30.70736477
292,DJF,12,1987,12/29/1987,1022.392674,334.9380712,31.49241143
293,DJF,1,1988,1/8/1988,1022.365672,331.4860162,31.20900337
294,DJF,1,1988,1/18/1988,1019.151595,333.1031445,31.53255771
295,DJF,1,1988,1/28/1988,1021.580914,319.6258986,31.37568824
296,DJF,2,1988,2/7/1988,1022.428002,325.411829,33.57472705
297,DJF,2,1988,2/17/1988,1018.581533,334.4790466,35.02715141
298,DJF,2,1988,2/27/1988,1020.740247,327.0822504,41.01774076
299,MAM,3,1988,3/8/1988,1019.501629,333.846934,34.81024418
300,MAM,3,1988,3/18/1988,1019.67275,333.6486246,30.34409535
301,MAM,3,1988,3/28/1988,1020.774104,324.4106402,36.21562578
302,MAM,4,1988,4/7/1988,1016.806265,332.3251811,33.53167012
303,MAM,4,1988,4/17/1988,1015.975171,324.7362516,27.24395181
304,MAM,4,1988,4/27/1988,1019.71132,325.0211838,30.43045047
305,MAM,5,1988,5/7/1988,1019.358524,320.7436015,33.15142339
306,MAM,5,1988,5/17/1988,1018.252432,314.5894019,33.08513678
307,MAM,5,1988,5/27/1988,1019.93089,321.3541438,31.57239084
308,JJA,6,1988,6/6/1988,1019.264756,325.874445,33.50456426
309,JJA,6,1988,6/16/1988,1021.099543,320.6141689,34.99244484
310,JJA,6,1988,6/26/1988,1021.19656,321.8976796,34.72137442
311,JJA,7,1988,7/6/1988,1019.984982,319.9918423,34.31076405
312,JJA,7,1988,7/16/1988,1020.923978,321.8119079,33.41495129
313,JJA,7,1988,7/26/1988,1020.877368,318.9108612,34.6879647
314,JJA,8,1988,8/5/1988,1019.63009,317.8945246,33.96721296
315,JJA,8,1988,8/15/1988,1017.979,321.1664126,31.38843737
316,JJA,8,1988,8/25/1988,1018.353635,321.1007084,36.35201669
317,SON,9,1988,9/4/1988,1017.413601,320.3659098,32.64105141
318,SON,9,1988,9/14/1988,1019.286575,332.0029317,38.27247023
319,SON,9,1988,9/24/1988,1018.790651,332.6010165,34.85265663
320,SON,10,1988,10/4/1988,1019.07243,323.9970432,35.48379473
321,SON,10,1988,10/14/1988,1018.368769,319.6144989,32.89376713
322,SON,10,1988,10/24/1988,1017.021691,333.538697,36.69816182
323,SON,11,1988,11/3/1988,1017.741997,330.0676258,34.96038469
324,SON,11,1988,11/13/1988,1018.997927,329.5816705,33.92013129
325,SON,11,1988,11/23/1988,1017.283062,337.2794285,33.6785205
326,DJF,12,1988,12/3/1988,1018.417488,333.482228,33.21661248
327,DJF,12,1988,12/13/1988,1022.229367,341.2123318,35.96924663
328,DJF,12,1988,12/23/1988,1021.827081,335.7591912,33.79284625
329,DJF,1,1989,1/2/1989,1023.779788,343.6348812,33.6190141
330,DJF,1,1989,1/12/1989,1024.585084,331.5439175,34.20500036
331,DJF,1,1989,1/22/1989,1022.59808,337.6169669,33.6005464
332,DJF,2,1989,2/1/1989,1024.249001,339.8621674,34.82614741
333,DJF,2,1989,2/11/1989,1024.029911,331.9201169,35.01069654
334,DJF,2,1989,2/21/1989,1022.37972,325.4656431,31.66157157
335,MAM,3,1989,3/3/1989,1019.630935,323.8563875,30.9634113
336,MAM,3,1989,3/13/1989,1019.861755,322.0022832,34.56282794
337,MAM,3,1989,3/23/1989,1020.25103,321.9231982,33.95436286
338,MAM,4,1989,4/2/1989,1021.382783,316.7481311,31.98530114
339,MAM,4,1989,4/12/1989,1021.27788,318.5972376,31.880651
340,MAM,4,1989,4/22/1989,1017.442121,324.8594453,29.20529708
341,MAM,5,1989,5/2/1989,1019.070934,326.8095927,35.15632667
342,MAM,5,1989,5/12/1989,1018.666215,322.3656413,35.87056616
343,MAM,5,1989,5/22/1989,1019.396678,324.6176943,34.08679318
344,JJA,6,1989,6/1/1989,1019.519975,322.3530207,34.64399586
345,JJA,6,1989,6/11/1989,1019.259915,323.2015187,31.87651095
346,JJA,6,1989,6/21/1989,1019.27514,322.7815882,36.8027256
347,JJA,7,1989,7/1/1989,1020.448735,322.8350166,34.39287293
348,JJA,7,1989,7/11/1989,1021.641409,326.5397159,35.67170814
349,JJA,7,1989,7/21/1989,1020.049568,322.2539297,34.4136557
350,JJA,7,1989,7/31/1989,1019.404752,322.3239946,34.92131802
351,JJA,8,1989,8/10/1989,1019.169464,316.5723078,34.41275751
352,JJA,8,1989,8/20/1989,1018.900202,327.3549613,35.51219633
353,JJA,8,1989,8/30/1989,1019.21441,326.7295109,37.3107461
354,SON,9,1989,9/9/1989,1017.878559,325.9604962,38.62412761
355,SON,9,1989,9/19/1989,1018.977359,322.3863236,34.47932034
356,SON,9,1989,9/29/1989,1018.065544,327.7624383,38.11952088
357,SON,10,1989,10/9/1989,1018.484543,333.18213,38.04230358
358,SON,10,1989,10/19/1989,1019.503357,328.8131171,34.84540118
359,SON,10,1989,10/29/1989,1018.488186,332.0864364,35.31271917
360,SON,11,1989,11/8/1989,1018.607541,327.6824593,34.59411755
361,SON,11,1989,11/18/1989,1017.26572,323.485372,29.55045718
362,SON,11,1989,11/28/1989,1016.857336,339.8993466,34.70595696
363,DJF,12,1989,12/8/1989,1016.196392,338.3867929,28.58133959
364,DJF,12,1989,12/18/1989,1018.601017,335.3571105,26.88610137
365,DJF,12,1989,12/28/1989,1018.826187,322.21486,29.1140287
366,DJF,1,1990,1/7/1990,1022.427781,337.3253291,33.20072885
367,DJF,1,1990,1/17/1990,1024.032526,335.4540368,33.86029968
368,DJF,1,1990,1/27/1990,1022.408132,327.0359033,30.90218073
369,DJF,2,1990,2/6/1990,1020.211257,338.6639855,31.19939189
370,DJF,2,1990,2/16/1990,1019.585836,326.940783,30.92528694
371,DJF,2,1990,2/26/1990,1023.129565,331.9293407,33.74028927
372,MAM,3,1990,3/8/1990,1022.659347,334.7314376,34.92330932
373,MAM,3,1990,3/18/1990,1021.148079,334.5276824,35.05471467
374,MAM,3,1990,3/28/1990,1020.458848,324.0747244,39.04859174
375,MAM,4,1990,4/7/1990,1020.405076,320.968886,34.56579516
376,MAM,4,1990,4/17/1990,1022.422802,324.7187073,37.79230135
377,MAM,4,1990,4/27/1990,1018.376377,333.5347274,37.1175294
378,MAM,5,1990,5/7/1990,1017.671448,321.4508217,33.340205
379,MAM,5,1990,5/17/1990,1017.782233,322.0430768,30.82745396
380,MAM,5,1990,5/27/1990,1019.642346,330.6785585,32.775467
381,JJA,6,1990,6/6/1990,1020.957522,321.2478036,33.2275357
382,JJA,6,1990,6/16/1990,1020.801918,322.2863823,33.31866111
383,JJA,6,1990,6/26/1990,1019.993347,323.0083234,32.91766323
384,JJA,7,1990,7/6/1990,1021.248891,325.2362801,34.56458825
385,JJA,7,1990,7/16/1990,1019.554404,320.9324803,33.62161693
386,JJA,7,1990,7/26/1990,1019.405038,321.8453377,34.79725866
387,JJA,8,1990,8/5/1990,1019.822733,325.6584112,37.3416929
388,JJA,8,1990,8/15/1990,1020.647384,323.8170782,35.27703906
389,JJA,8,1990,8/25/1990,1018.614265,328.6083117,35.50692115
390,SON,9,1990,9/4/1990,1019.048878,325.614122,36.60229658
391,SON,9,1990,9/14/1990,1018.844627,331.0885869,37.30598264
392,SON,9,1990,9/24/1990,1017.164355,328.2268759,36.46274395
393,SON,10,1990,10/4/1990,1017.796453,327.5497504,36.38328014
394,SON,10,1990,10/14/1990,1017.43688,321.7978545,34.67571767
395,SON,10,1990,10/24/1990,1017.571954,328.2562242,31.039985
396,SON,11,1990,11/3/1990,1015.907706,317.683953,28.69323651
397,SON,11,1990,11/13/1990,1019.653995,338.9525896,33.70959562
398,SON,11,1990,11/23/1990,1018.628774,324.2208967,32.36315093
399,DJF,12,1990,12/3/1990,1018.204754,327.9466144,39.38943663
400,DJF,12,1990,12/13/1990,1019.030332,330.030725,34.54203303
401,DJF,12,1990,12/23/1990,1022.368273,327.4648719,34.33578609
402,DJF,1,1991,1/2/1991,1023.485676,327.6567512,32.69890555
403,DJF,1,1991,1/12/1991,1021.526763,331.1099252,31.48616399
404,DJF,1,1991,1/22/1991,1021.657356,341.8467438,35.16458946
405,DJF,2,1991,2/1/1991,1022.542238,330.8606072,33.97256592
406,DJF,2,1991,2/11/1991,1018.921862,332.5488332,32.24717294
407,DJF,2,1991,2/21/1991,1019.969694,323.1729871,30.42649843
408,MAM,3,1991,3/3/1991,1019.883896,317.5315968,28.39106462
409,MAM,3,1991,3/13/1991,1018.163168,328.4730207,27.65406744
410,MAM,3,1991,3/23/1991,1018.825431,325.5279047,32.44116942
411,MAM,4,1991,4/2/1991,1020.96696,322.4654504,33.78927062
412,MAM,4,1991,4/12/1991,1018.901617,323.0526988,35.14560549
413,MAM,4,1991,4/22/1991,1018.566332,327.2527527,35.68946381
414,MAM,5,1991,5/2/1991,1019.660451,328.0990327,36.02819126
415,MAM,5,1991,5/12/1991,1021.323405,328.7484432,35.98794341
416,MAM,5,1991,5/22/1991,1021.072425,328.7666132,37.06337337
417,JJA,6,1991,6/1/1991,1017.722938,329.5247086,31.59657153
418,JJA,6,1991,6/11/1991,1020.621135,322.2373635,32.16676784
419,JJA,6,1991,6/21/1991,1020.203016,324.1576362,31.94654505
420,JJA,7,1991,7/1/1991,1019.850048,326.4615427,33.65190844
421,JJA,7,1991,7/11/1991,1019.633119,325.3422829,32.79348096
422,JJA,7,1991,7/21/1991,1020.221351,320.2012615,32.3148423
423,JJA,7,1991,7/31/1991,1018.532521,320.2334295,31.81387549
424,JJA,8,1991,8/10/1991,1018.949467,324.7872944,34.76522884
425,JJA,8,1991,8/20/1991,1019.643681,319.7788247,34.56680233
426,JJA,8,1991,8/30/1991,1018.851415,327.2559025,35.18817695
427,SON,9,1991,9/9/1991,1018.310022,329.0381991,32.76941457
428,SON,9,1991,9/19/1991,1019.217384,322.9077634,35.08107225
429,SON,9,1991,9/29/1991,1020.180924,321.3828004,35.94674056
430,SON,10,1991,10/9/1991,1018.277871,321.659732,36.85769758
431,SON,10,1991,10/19/1991,1017.963217,328.5108063,37.78537826
432,SON,10,1991,10/29/1991,1018.23985,326.5793849,37.39907501
433,SON,11,1991,11/8/1991,1020.028006,331.5635083,36.86096339
434,SON,11,1991,11/18/1991,1019.243961,329.5474054,31.78402718
435,SON,11,1991,11/28/1991,1018.899732,324.523598,31.84162537
436,DJF,12,1991,12/8/1991,1019.003028,339.065254,36.91184049
437,DJF,12,1991,12/18/1991,1021.303873,342.0743879,33.71250426
438,DJF,12,1991,12/28/1991,1023.166315,341.5614472,35.67474591
439,DJF,1,1992,1/7/1992,1020.439227,349.0076577,32.47742267
440,DJF,1,1992,1/17/1992,1020.34755,344.1403616,35.09435837
441,DJF,1,1992,1/27/1992,1019.414822,339.9238364,36.19637815
442,DJF,2,1992,2/6/1992,1020.744543,345.9530336,33.74849857
443,DJF,2,1992,2/16/1992,1022.236626,329.9264943,34.44173567
444,DJF,2,1992,2/26/1992,1023.082458,335.212029,32.92609267
445,MAM,3,1992,3/7/1992,1021.709634,335.360064,35.96861164
446,MAM,3,1992,3/17/1992,1021.276022,338.8424751,35.12147442
447,MAM,3,1992,3/27/1992,1021.8159,323.0508732,34.11071045
448,MAM,4,1992,4/6/1992,1019.105771,325.9233886,29.13879724
449,MAM,4,1992,4/16/1992,1020.725736,327.0135725,36.64733727
450,MAM,4,1992,4/26/1992,1018.636764,332.0174617,33.90164482
451,MAM,5,1992,5/6/1992,1020.578819,326.2336688,37.1584971
452,MAM,5,1992,5/16/1992,1020.159933,323.3222488,36.80110489
453,MAM,5,1992,5/26/1992,1017.328579,319.5982686,30.69343909
454,JJA,6,1992,6/5/1992,1020.976702,323.0907488,33.33421254
455,JJA,6,1992,6/15/1992,1020.545151,327.3560941,35.38485144
456,JJA,6,1992,6/25/1992,1018.40668,323.253278,29.9344064
457,JJA,7,1992,7/5/1992,1020.016763,323.7445839,32.94341772
458,JJA,7,1992,7/15/1992,1019.605298,323.9504724,31.65374852
459,JJA,7,1992,7/25/1992,1020.448818,325.0253508,33.84071668
460,JJA,8,1992,8/4/1992,1020.594284,322.2383565,34.41255755
461,JJA,8,1992,8/14/1992,1020.559973,320.3236737,34.02203802
462,JJA,8,1992,8/24/1992,1019.07158,318.3105858,32.59486443
463,SON,9,1992,9/3/1992,1019.975166,323.9336513,34.94908954
464,SON,9,1992,9/13/1992,1019.732594,325.0280563,35.57885424
465,SON,9,1992,9/23/1992,1018.162443,323.6809474,35.30090258
466,SON,10,1992,10/3/1992,1016.843175,334.0355343,35.20033531
467,SON,10,1992,10/13/1992,1017.286148,314.5807953,34.70336861
468,SON,10,1992,10/23/1992,1019.283187,330.925666,34.92525672
469,SON,11,1992,11/2/1992,1017.776652,336.2338101,34.83972817
470,SON,11,1992,11/12/1992,1020.074902,328.0332311,34.34627963
471,SON,11,1992,11/22/1992,1020.92909,335.4258631,33.64703171
472,DJF,12,1992,12/2/1992,1020.51064,334.9588642,29.43562061
473,DJF,12,1992,12/12/1992,1017.963394,336.6699542,35.69805167
474,DJF,12,1992,12/22/1992,1019.974651,330.5766187,35.08393764
475,DJF,1,1993,1/1/1993,1023.116463,329.6638886,34.33414562
476,DJF,1,1993,1/11/1993,1023.536532,335.7018778,32.19452405
477,DJF,1,1993,1/21/1993,1022.896382,338.7788253,33.48659421
478,DJF,1,1993,1/31/1993,1021.823343,340.1387043,34.9023185
479,DJF,2,1993,2/10/1993,1022.239784,336.6505925,35.67788922
480,DJF,2,1993,2/20/1993,1020.215191,332.2933436,38.9849747
481,MAM,3,1993,3/2/1993,1019.158686,326.4098842,37.3176163
482,MAM,3,1993,3/12/1993,1019.869034,329.0136513,31.68089248
483,MAM,3,1993,3/22/1993,1021.881012,325.6887598,36.28367711
484,MAM,4,1993,4/1/1993,1018.939728,330.0955283,32.14268081
485,MAM,4,1993,4/11/1993,1017.834269,327.5862335,33.81155026
486,MAM,4,1993,4/21/1993,1019.434072,320.777663,33.46836245
487,MAM,5,1993,5/1/1993,1021.103626,318.785796,37.46881465
488,MAM,5,1993,5/11/1993,1016.035817,319.3878478,32.28641283
489,MAM,5,1993,5/21/1993,1018.741841,320.3377143,31.84847637
490,MAM,5,1993,5/31/1993,1017.714885,325.9741429,27.93834307
491,JJA,6,1993,6/10/1993,1019.488866,325.5625504,32.11053586
492,JJA,6,1993,6/20/1993,1019.756268,324.208421,32.94460265
493,JJA,6,1993,6/30/1993,1021.299466,325.2306182,35.48703155
494,JJA,7,1993,7/10/1993,1019.562725,328.3273435,33.37580297
495,JJA,7,1993,7/20/1993,1020.431915,326.2549242,34.25712997
496,JJA,7,1993,7/30/1993,1020.205906,325.4072904,35.01332789
497,JJA,8,1993,8/9/1993,1020.801124,322.7627722,36.17047485
498,JJA,8,1993,8/19/1993,1018.899559,325.4113442,34.60650485
499,JJA,8,1993,8/29/1993,1018.787346,326.4844859,34.70739283
500,SON,9,1993,9/8/1993,1019.220547,318.2213066,31.39691553
501,SON,9,1993,9/18/1993,1018.421642,318.5837301,33.31937601
502,SON,9,1993,9/28/1993,1020.396751,323.0615667,34.60938403
503,SON,10,1993,10/8/1993,1017.932033,317.7624291,30.80155746
504,SON,10,1993,10/18/1993,1018.03995,325.5185711,37.48106391
505,SON,10,1993,10/28/1993,1016.996148,328.8231798,36.66909886
506,SON,11,1993,11/7/1993,1019.912375,320.6855798,34.15881574
507,SON,11,1993,11/17/1993,1019.544069,328.0474962,35.22335482
508,SON,11,1993,11/27/1993,1020.167003,325.7398226,34.69052998
509,DJF,12,1993,12/7/1993,1021.132301,337.130366,34.39532342
510,DJF,12,1993,12/17/1993,1020.337315,340.0580818,33.65419202
511,DJF,12,1993,12/27/1993,1022.218792,331.8914633,31.28373841
512,DJF,1,1994,1/6/1994,1020.586806,324.5337323,30.08991017
513,DJF,1,1994,1/16/1994,1022.194663,327.7305798,34.88409709
514,DJF,1,1994,1/26/1994,1024.587281,333.9234699,34.71976611
515,DJF,2,1994,2/5/1994,1020.975165,328.0389237,30.74123601
516,DJF,2,1994,2/15/1994,1020.212848,323.3814316,30.53087058
517,DJF,2,1994,2/25/1994,1018.464832,323.4508894,28.67179362
518,MAM,3,1994,3/7/1994,1022.343761,331.1267507,35.75402104
519,MAM,3,1994,3/17/1994,1020.517695,338.6710116,35.21704331
520,MAM,3,1994,3/27/1994,1020.618066,327.685026,31.75859137
521,MAM,4,1994,4/6/1994,1021.764018,325.502456,35.90663569
522,MAM,4,1994,4/16/1994,1019.339089,315.1699613,35.27729992
523,MAM,4,1994,4/26/1994,1018.579101,326.8865108,32.12719538
524,MAM,5,1994,5/6/1994,1021.51044,322.4836429,32.75180926
525,MAM,5,1994,5/16/1994,1018.703461,321.9805198,28.20386072
526,MAM,5,1994,5/26/1994,1017.906141,317.3606704,31.31617712
527,JJA,6,1994,6/5/1994,1020.845941,326.9736526,33.85812419
528,JJA,6,1994,6/15/1994,1020.375386,323.2792385,35.6083452
529,JJA,6,1994,6/25/1994,1020.22925,325.2121273,33.22642263
530,JJA,7,1994,7/5/1994,1020.235933,319.8242266,33.74059495
531,JJA,7,1994,7/15/1994,1021.018826,322.4236319,34.41121941
532,JJA,7,1994,7/25/1994,1020.167028,317.4714936,32.92602832
533,JJA,8,1994,8/4/1994,1019.29094,316.7524257,33.96819531
534,JJA,8,1994,8/14/1994,1020.162623,319.6596162,34.0960771
535,JJA,8,1994,8/24/1994,1018.675712,319.8768946,32.83352838
536,SON,9,1994,9/3/1994,1019.157083,320.9895896,32.76323387
537,SON,9,1994,9/13/1994,1018.795833,324.4584051,31.72287133
538,SON,9,1994,9/23/1994,1017.497636,326.8643088,38.17373477
539,SON,10,1994,10/3/1994,1017.333579,338.0491093,36.18860355
540,SON,10,1994,10/13/1994,1016.960699,338.69541,37.18555979
541,SON,10,1994,10/23/1994,1016.945824,322.9043054,31.76447539
542,SON,11,1994,11/2/1994,1017.737389,323.9186115,31.73349575
543,SON,11,1994,11/12/1994,1018.116776,337.776739,31.56215114
544,SON,11,1994,11/22/1994,1019.922936,337.2650315,34.07727111
545,DJF,12,1994,12/2/1994,1022.127146,333.6456662,32.73986273
546,DJF,12,1994,12/12/1994,1021.316951,338.9229369,34.41040563
547,DJF,12,1994,12/22/1994,1020.636211,339.3153761,33.93665205
548,DJF,1,1995,1/1/1995,1020.700251,336.4295547,31.121437
549,DJF,1,1995,1/11/1995,1024.618814,333.2725985,35.96422891
550,DJF,1,1995,1/21/1995,1022.189709,341.9556634,30.20532689
551,DJF,1,1995,1/31/1995,1021.354864,344.2063268,31.24586121
552,DJF,2,1995,2/10/1995,1021.468514,333.6253495,28.4496852
553,DJF,2,1995,2/20/1995,1021.84224,330.1532373,33.12088308
554,MAM,3,1995,3/2/1995,1023.555684,323.4289369,35.43676697
555,MAM,3,1995,3/12/1995,1019.292515,316.2596952,35.56251037
556,MAM,3,1995,3/22/1995,1018.632338,352.3548698,38.35723116
557,MAM,4,1995,4/1/1995,1019.017849,341.488506,36.80566858
558,MAM,4,1995,4/11/1995,1018.73459,332.6651646,38.5574649
559,MAM,4,1995,4/21/1995,1017.569104,328.1693526,34.54969186
560,MAM,5,1995,5/1/1995,1016.393426,335.8476279,32.6381176
561,MAM,5,1995,5/11/1995,1017.112948,329.2258585,30.79438126
562,MAM,5,1995,5/21/1995,1018.075353,322.0244898,30.91878797
563,MAM,5,1995,5/31/1995,1019.667765,324.9397047,34.84771243
564,JJA,6,1995,6/10/1995,1019.171,324.1727812,35.45013311
565,JJA,6,1995,6/20/1995,1018.981725,323.2483278,34.32851516
566,JJA,6,1995,6/30/1995,1019.025042,322.0931285,34.87073772
567,JJA,7,1995,7/10/1995,1018.683303,318.83564,32.41831814
568,JJA,7,1995,7/20/1995,1018.93325,322.8576759,33.27373588
569,JJA,7,1995,7/30/1995,1017.808208,316.247262,34.56733635
570,JJA,8,1995,8/9/1995,1017.805696,330.3449315,35.26329733
571,JJA,8,1995,8/19/1995,1018.144097,324.6198676,34.58774038
572,JJA,8,1995,8/29/1995,1018.218502,334.4923374,38.14007931
573,SON,9,1995,9/8/1995,1018.787408,319.2538769,33.86305736
574,SON,9,1995,9/18/1995,1019.039584,325.2323182,37.59293916
575,SON,9,1995,9/28/1995,1018.373344,333.2439897,36.94553555
576,SON,10,1995,10/8/1995,1017.05438,332.6395646,35.38153699
577,SON,10,1995,10/18/1995,1018.400269,331.5452702,37.24089119
578,SON,10,1995,10/28/1995,1017.497109,333.653368,33.62852725
579,SON,11,1995,11/7/1995,1016.865733,329.1158734,33.76352585
580,SON,11,1995,11/17/1995,1017.911855,333.4085977,33.66930107
581,SON,11,1995,11/27/1995,1017.694966,330.1052862,32.01813641
582,DJF,12,1995,12/7/1995,1019.4075,331.5786291,34.87376629
583,DJF,12,1995,12/17/1995,1016.472559,339.8545361,29.174257
584,DJF,12,1995,12/27/1995,1017.512342,338.1788008,25.13873841
585,DJF,1,1996,1/6/1996,1017.335029,325.9218291,25.53144207
586,DJF,1,1996,1/16/1996,1020.077345,316.5827937,33.49785628
587,DJF,1,1996,1/26/1996,1019.224933,308.429297,38.32338343
588,DJF,2,1996,2/5/1996,1020.35891,320.9924686,31.81633459
589,DJF,2,1996,2/15/1996,1021.086916,331.758374,36.56029404
590,DJF,2,1996,2/25/1996,1018.096473,335.8014505,35.82087873
591,MAM,3,1996,3/6/1996,1020.554356,319.0463552,33.9139518
592,MAM,3,1996,3/16/1996,1016.758576,316.8981079,28.41434819
593,MAM,3,1996,3/26/1996,1016.972961,319.4873544,28.19104967
594,MAM,4,1996,4/5/1996,1018.453181,332.2113751,31.68167493
595,MAM,4,1996,4/15/1996,1017.512528,323.9352239,31.97226125
596,MAM,4,1996,4/25/1996,1018.24043,307.874999,30.86849286
597,MAM,5,1996,5/5/1996,1019.582303,310.6938532,33.40945382
598,MAM,5,1996,5/15/1996,1019.43422,316.4342146,32.76810343
599,MAM,5,1996,5/25/1996,1019.220549,332.8658583,33.11219983
600,JJA,6,1996,6/4/1996,1021.783856,322.506569,34.77274408
601,JJA,6,1996,6/14/1996,1019.608338,325.7005998,34.04962168
602,JJA,6,1996,6/24/1996,1020.273212,330.3998826,34.12072183
603,JJA,7,1996,7/4/1996,1021.261799,324.2713064,34.7503073
604,JJA,7,1996,7/14/1996,1021.985747,324.330334,35.47923377
605,JJA,7,1996,7/24/1996,1020.948222,324.4607643,34.95935073
606,JJA,8,1996,8/3/1996,1020.803988,319.7084884,34.92571067
607,JJA,8,1996,8/13/1996,1019.544125,318.3470749,33.42131496
608,JJA,8,1996,8/23/1996,1019.001902,320.3080241,35.27772472
609,SON,9,1996,9/2/1996,1018.173952,330.9005107,37.99423284
610,SON,9,1996,9/12/1996,1017.021193,327.3701852,34.14956413
611,SON,9,1996,9/22/1996,1018.487109,323.8234809,30.56788696
612,SON,10,1996,10/2/1996,1020.424153,326.2843158,38.20218975
613,SON,10,1996,10/12/1996,1017.340996,326.1505415,30.72283994
614,SON,10,1996,10/22/1996,1017.763652,343.228402,34.99311366
615,SON,11,1996,11/1/1996,1020.463868,339.8056834,33.19205841
616,SON,11,1996,11/11/1996,1020.554597,322.6644496,38.09380788
617,SON,11,1996,11/21/1996,1019.23151,336.9656663,32.91777304
618,DJF,12,1996,12/1/1996,1019.424628,332.3021848,35.72030239
619,DJF,12,1996,12/11/1996,1016.690909,330.0713885,32.55286862
620,DJF,12,1996,12/21/1996,1018.786917,312.390348,32.17416483
621,DJF,12,1996,12/31/1996,1017.839517,316.8821615,29.85082474
622,DJF,1,1997,1/10/1997,1016.812041,329.9668696,29.2096423
623,DJF,1,1997,1/20/1997,1018.673394,328.6543249,32.0493948
624,DJF,1,1997,1/30/1997,1021.990813,333.4073042,36.10225635
625,DJF,2,1997,2/9/1997,1024.08099,334.2057804,32.85715698
626,DJF,2,1997,2/19/1997,1023.914978,330.8816903,32.13688226
627,MAM,3,1997,3/1/1997,1022.431889,336.2867343,33.21989242
628,MAM,3,1997,3/11/1997,1021.725286,338.0272629,33.9676858
629,MAM,3,1997,3/21/1997,1018.882876,326.3089008,33.2730376
630,MAM,3,1997,3/31/1997,1018.006691,334.5952205,36.54434746
631,MAM,4,1997,4/10/1997,1018.011321,336.5143231,37.26651757
632,MAM,4,1997,4/20/1997,1017.527274,331.4870628,29.66036467
633,MAM,4,1997,4/30/1997,1018.354941,328.1511353,30.47241712
634,MAM,5,1997,5/10/1997,1020.533997,322.0890941,32.44007991
635,MAM,5,1997,5/20/1997,1018.815475,318.8405794,28.76965941
636,MAM,5,1997,5/30/1997,1018.957634,318.1881514,33.66179437
637,JJA,6,1997,6/9/1997,1017.128542,319.7327683,26.22363363
638,JJA,6,1997,6/19/1997,1020.754253,324.0181483,34.05110719
639,JJA,6,1997,6/29/1997,1018.911244,325.1081872,33.42570965
640,JJA,7,1997,7/9/1997,1020.956798,324.6149471,34.53583345
641,JJA,7,1997,7/19/1997,1020.911275,324.2140635,33.46086624
642,JJA,7,1997,7/29/1997,1020.453919,323.6036767,33.49671267
643,JJA,8,1997,8/8/1997,1020.070358,319.8940597,33.91855866
644,JJA,8,1997,8/18/1997,1018.840413,323.941918,32.3515626
645,JJA,8,1997,8/28/1997,1018.226323,321.2918185,33.69744643
646,SON,9,1997,9/7/1997,1018.065928,334.3873968,40.29932653
647,SON,9,1997,9/17/1997,1017.832746,333.1246011,33.60013212
648,SON,9,1997,9/27/1997,1017.64779,330.8326938,34.53167944
649,SON,10,1997,10/7/1997,1016.519664,326.3789998,33.33984049
650,SON,10,1997,10/17/1997,1015.233214,341.9078446,38.67880686
651,SON,10,1997,10/27/1997,1016.878509,330.6527833,35.61953249
652,SON,11,1997,11/6/1997,1018.202472,320.5934819,34.89717715
653,SON,11,1997,11/16/1997,1017.592484,324.185473,28.39903028
654,SON,11,1997,11/26/1997,1017.204714,331.8771907,28.73176357
655,DJF,12,1997,12/6/1997,1017.612221,337.4252719,29.49987332
656,DJF,12,1997,12/16/1997,1017.642303,335.3502191,25.7388702
657,DJF,12,1997,12/26/1997,1020.504124,336.6700453,30.17553928
658,DJF,1,1998,1/5/1998,1021.545086,328.7581563,32.01899594
659,DJF,1,1998,1/15/1998,1019.626733,340.7284581,31.38667474
660,DJF,1,1998,1/25/1998,1017.726359,327.3150969,35.14775668
661,DJF,2,1998,2/4/1998,1015.517148,342.3153909,39.51751279
662,DJF,2,1998,2/14/1998,1021.120348,343.4193353,34.33060665
663,DJF,2,1998,2/24/1998,1021.000703,347.7189136,36.26850857
664,MAM,3,1998,3/6/1998,1019.415568,339.8683062,33.28838422
665,MAM,3,1998,3/16/1998,1022.546939,332.003941,37.2086907
666,MAM,3,1998,3/26/1998,1018.907861,322.8490034,33.46931245
667,MAM,4,1998,4/5/1998,1018.088685,329.4157265,30.6317326
668,MAM,4,1998,4/15/1998,1020.102591,321.9547717,32.71642698
669,MAM,4,1998,4/25/1998,1019.134853,323.4422165,31.81163851
670,MAM,5,1998,5/5/1998,1019.163954,322.4001086,37.70945769
671,MAM,5,1998,5/15/1998,1018.25911,332.6540828,34.45364692
672,MAM,5,1998,5/25/1998,1020.03961,324.3597885,32.21952172
673,JJA,6,1998,6/4/1998,1018.167789,324.3327698,28.90645642
674,JJA,6,1998,6/14/1998,1020.419178,325.8553702,35.39022506
675,JJA,6,1998,6/24/1998,1020.077534,327.2104851,33.29870647
676,JJA,7,1998,7/4/1998,1021.706462,324.4203532,35.39932394
677,JJA,7,1998,7/14/1998,1019.477658,321.5071754,33.03095582
678,JJA,7,1998,7/24/1998,1019.525969,320.7306107,33.65873339
679,JJA,8,1998,8/3/1998,1020.667202,323.688809,36.74114281
680,JJA,8,1998,8/13/1998,1019.556972,322.8265861,35.65772545
681,JJA,8,1998,8/23/1998,1019.134093,326.1953845,36.2912913
682,SON,9,1998,9/2/1998,1017.695548,318.1578391,29.41856252
683,SON,9,1998,9/12/1998,1018.012707,324.8601661,33.68650575
684,SON,9,1998,9/22/1998,1016.569909,331.6795499,33.52771894
685,SON,10,1998,10/2/1998,1017.187096,323.3712971,31.94534817
686,SON,10,1998,10/12/1998,1019.17478,332.0844665,37.42358113
687,SON,10,1998,10/22/1998,1019.562497,335.6509278,32.69121133
688,SON,11,1998,11/1/1998,1017.284612,344.5435153,34.3044965
689,SON,11,1998,11/11/1998,1018.481933,333.939184,32.89060849
690,SON,11,1998,11/21/1998,1019.608743,332.8442164,36.29020251
691,DJF,12,1998,12/1/1998,1019.180803,332.6587007,35.4237174
692,DJF,12,1998,12/11/1998,1022.275859,341.1406986,32.92562041
693,DJF,12,1998,12/21/1998,1022.32137,329.7822124,34.23740959
694,DJF,12,1998,12/31/1998,1020.49508,326.8990083,29.77120415
695,DJF,1,1999,1/10/1999,1021.441395,321.706936,35.0777862
696,DJF,1,1999,1/20/1999,1022.206915,329.1819123,32.84917689
697,DJF,1,1999,1/30/1999,1021.362642,338.0645253,36.47510707
698,DJF,2,1999,2/9/1999,1019.950162,334.7578907,33.71881072
699,DJF,2,1999,2/19/1999,1021.35295,338.2703087,35.60708975
700,MAM,3,1999,3/1/1999,1019.461832,327.6439993,33.5358873
701,MAM,3,1999,3/11/1999,1015.996247,320.0738243,31.22149717
702,MAM,3,1999,3/21/1999,1020.127776,323.2152056,35.97358698
703,MAM,3,1999,3/31/1999,1018.043513,331.8250787,30.93609775
704,MAM,4,1999,4/10/1999,1019.490302,333.7845024,36.51515693
705,MAM,4,1999,4/20/1999,1020.08697,325.983228,29.96765437
706,MAM,4,1999,4/30/1999,1018.100621,320.7281092,32.57004862
707,MAM,5,1999,5/10/1999,1016.670156,320.3954321,31.62836504
708,MAM,5,1999,5/20/1999,1019.95227,323.4496698,36.28771817
709,MAM,5,1999,5/30/1999,1019.469657,324.0216082,34.12175992
710,JJA,6,1999,6/9/1999,1020.299933,325.5058597,35.62994688
711,JJA,6,1999,6/19/1999,1021.142329,324.1216681,36.72107891
712,JJA,6,1999,6/29/1999,1019.31239,318.7379769,31.96175997
713,JJA,7,1999,7/9/1999,1019.694439,322.4398438,33.77364308
714,JJA,7,1999,7/19/1999,1019.894126,322.6999147,33.77180247
715,JJA,7,1999,7/29/1999,1018.254514,321.0176438,30.54060741
716,JJA,8,1999,8/8/1999,1018.48759,318.0131826,31.74925739
717,JJA,8,1999,8/18/1999,1018.23077,317.376762,33.34946533
718,JJA,8,1999,8/28/1999,1017.264333,327.7302956,35.59143314
719,SON,9,1999,9/7/1999,1017.764589,325.2062497,36.99331606
720,SON,9,1999,9/17/1999,1018.172792,319.9362515,34.95378435
721,SON,9,1999,9/27/1999,1017.299413,322.6904466,32.16771661
722,SON,10,1999,10/7/1999,1019.657952,330.7788927,37.83998351
723,SON,10,1999,10/17/1999,1018.106993,323.181058,31.92205154
724,SON,10,1999,10/27/1999,1018.045467,328.6315399,32.38136939
725,SON,11,1999,11/6/1999,1018.82635,335.5817261,35.94514021
726,SON,11,1999,11/16/1999,1019.924345,335.1097113,39.96806109
727,SON,11,1999,11/26/1999,1020.656129,337.5858232,39.17461858
728,DJF,12,1999,12/6/1999,1019.863813,338.1916138,34.67614412
729,DJF,12,1999,12/16/1999,1019.258478,337.0692408,32.99477316
730,DJF,12,1999,12/26/1999,1021.132892,336.2094683,30.95343631
731,DJF,1,2000,1/5/2000,1022.611711,332.0173356,34.64383384
732,DJF,1,2000,1/15/2000,1021.161371,339.7347028,37.1346038
733,DJF,1,2000,1/25/2000,1021.352095,335.8291614,36.0551657
734,DJF,2,2000,2/4/2000,1024.108348,339.9872987,32.03226398
735,DJF,2,2000,2/14/2000,1023.605617,332.3598263,33.98147021
736,DJF,2,2000,2/24/2000,1022.31106,333.0047296,35.57216345
737,MAM,3,2000,3/5/2000,1021.031273,344.7738191,35.43933107
738,MAM,3,2000,3/15/2000,1020.896059,328.8306826,38.90861661
739,MAM,3,2000,3/25/2000,1016.206415,331.6504269,34.20210341
740,MAM,4,2000,4/4/2000,1018.67469,313.8496607,31.53520078
741,MAM,4,2000,4/14/2000,1019.931865,310.7469853,32.65841145
742,MAM,4,2000,4/24/2000,1019.579609,322.2178322,31.63858932
743,MAM,5,2000,5/4/2000,1018.546924,320.4739043,33.62717046
744,MAM,5,2000,5/14/2000,1017.815124,326.105674,33.88096953
745,MAM,5,2000,5/24/2000,1020.07572,326.7629235,32.46033024
746,JJA,6,2000,6/3/2000,1019.988783,324.4179409,34.13753189
747,JJA,6,2000,6/13/2000,1020.803068,326.1105552,34.28123109
748,JJA,6,2000,6/23/2000,1019.450984,324.4883644,32.72329005
749,JJA,7,2000,7/3/2000,1019.572748,320.8031273,33.67581161
750,JJA,7,2000,7/13/2000,1020.663309,323.808904,35.40900175
751,JJA,7,2000,7/23/2000,1018.339735,315.467074,33.40239837
752,JJA,8,2000,8/2/2000,1020.451049,326.9430003,36.76919666
753,JJA,8,2000,8/12/2000,1019.202547,324.924147,33.66437665
754,JJA,8,2000,8/22/2000,1018.937191,322.3699092,34.94582882
755,SON,9,2000,9/1/2000,1018.754978,323.6589013,34.90858723
756,SON,9,2000,9/11/2000,1017.14532,325.4604276,35.73990493
757,SON,9,2000,9/21/2000,1017.873191,324.0078187,32.05034949
758,SON,10,2000,10/1/2000,1017.993741,326.7414823,33.73861238
759,SON,10,2000,10/11/2000,1019.074212,325.2925776,33.90811137
760,SON,10,2000,10/21/2000,1019.518045,331.3864034,35.50540369
761,SON,10,2000,10/31/2000,1018.587561,334.6536892,34.09314449
762,SON,11,2000,11/10/2000,1017.022955,333.547363,36.23529668
763,SON,11,2000,11/20/2000,1019.647455,329.7822905,30.15787123
764,SON,11,2000,11/30/2000,1019.122971,335.6877192,29.02628735
765,DJF,12,2000,12/10/2000,1020.787423,332.0646938,31.12050404
766,DJF,12,2000,12/20/2000,1019.447955,318.8105034,29.33081853
767,DJF,12,2000,12/30/2000,1018.462702,332.75371,26.72351437
768,DJF,1,2001,1/9/2001,1018.593809,333.8583995,28.10921756
769,DJF,1,2001,1/19/2001,1020.97344,331.7873489,30.61285577
770,DJF,1,2001,1/29/2001,1021.281835,331.9030018,30.30833862
771,DJF,2,2001,2/8/2001,1021.763461,330.8655631,30.52575361
772,DJF,2,2001,2/18/2001,1021.857951,334.3347456,36.45563296
773,DJF,2,2001,2/28/2001,1015.682907,305.8751222,25.72819069
774,MAM,3,2001,3/10/2001,1018.257902,329.4693847,28.70336797
775,MAM,3,2001,3/20/2001,1017.085974,319.1439561,26.10052647
776,MAM,3,2001,3/30/2001,1019.69391,325.2450571,31.04946874
777,MAM,4,2001,4/9/2001,1019.643729,331.8421952,35.0301234
778,MAM,4,2001,4/19/2001,1019.925003,320.9590401,32.0903478
779,MAM,4,2001,4/29/2001,1020.312151,323.254204,34.98658997
780,MAM,5,2001,5/9/2001,1017.715636,324.1537079,33.51679946
781,MAM,5,2001,5/19/2001,1016.955908,327.8399385,32.08354475
782,MAM,5,2001,5/29/2001,1018.825519,327.2749306,35.31270989
783,JJA,6,2001,6/8/2001,1018.88654,327.2334008,32.58698232
784,JJA,6,2001,6/18/2001,1019.253035,321.0149252,33.61333203
785,JJA,6,2001,6/28/2001,1020.93221,324.1994993,33.31699606
786,JJA,7,2001,7/8/2001,1021.266209,321.3562491,34.00336983
787,JJA,7,2001,7/18/2001,1020.03041,321.5265316,34.08335432
788,JJA,7,2001,7/28/2001,1020.240211,322.3871885,34.60165994
789,JJA,8,2001,8/7/2001,1020.595565,324.2708414,34.28065783
790,JJA,8,2001,8/17/2001,1019.432338,318.7023641,32.38712853
791,JJA,8,2001,8/27/2001,1017.826348,321.8411671,33.84479639
792,SON,9,2001,9/6/2001,1017.938889,329.3076361,37.27721739
793,SON,9,2001,9/16/2001,1016.713804,326.7742999,38.68422878
794,SON,9,2001,9/26/2001,1016.905419,321.4765723,32.56992909
795,SON,10,2001,10/6/2001,1018.689265,323.6577643,32.49941915
796,SON,10,2001,10/16/2001,1018.362386,324.207837,34.34939489
797,SON,10,2001,10/26/2001,1018.647846,337.374814,33.80862695
798,SON,11,2001,11/5/2001,1019.301945,339.4382632,40.2372488
799,SON,11,2001,11/15/2001,1019.132486,334.1642484,39.00720793
800,SON,11,2001,11/25/2001,1020.099994,333.4811368,38.73425204
801,DJF,12,2001,12/5/2001,1019.618653,337.0873055,35.11864923
802,DJF,12,2001,12/15/2001,1018.462671,341.7888529,36.78641053
803,DJF,12,2001,12/25/2001,1017.152579,343.7306255,35.03670517
804,DJF,1,2002,1/4/2002,1019.677562,343.3616167,34.32862104
805,DJF,1,2002,1/14/2002,1022.688666,339.2592376,32.83983442
806,DJF,1,2002,1/24/2002,1022.647249,335.9386862,30.20948616
807,DJF,2,2002,2/3/2002,1022.45132,336.2176632,31.11341913
808,DJF,2,2002,2/13/2002,1019.994802,332.8174598,33.64026597
809,DJF,2,2002,2/23/2002,1019.379389,335.2417544,35.42155413
810,MAM,3,2002,3/5/2002,1021.879624,317.2915855,36.35715846
811,MAM,3,2002,3/15/2002,1019.188032,320.5720781,30.78901323
812,MAM,3,2002,3/25/2002,1019.79609,326.7062968,35.71686141
813,MAM,4,2002,4/4/2002,1020.491841,316.3671075,33.31432903
814,MAM,4,2002,4/14/2002,1019.754658,313.7442179,33.70641136
815,MAM,4,2002,4/24/2002,1020.004418,333.4606572,35.15722
816,MAM,5,2002,5/4/2002,1020.900376,323.2914095,34.17658002
817,MAM,5,2002,5/14/2002,1020.060951,324.2186225,30.99104267
818,MAM,5,2002,5/24/2002,1020.445071,318.9989748,32.94602454
819,JJA,6,2002,6/3/2002,1020.253563,324.1723106,33.12414741
820,JJA,6,2002,6/13/2002,1019.234293,326.3218819,30.55011437
821,JJA,6,2002,6/23/2002,1021.986136,324.28977,35.38493543
822,JJA,7,2002,7/3/2002,1022.194671,322.6282625,34.30667821
823,JJA,7,2002,7/13/2002,1021.015101,323.9791615,33.89407863
824,JJA,7,2002,7/23/2002,1020.610762,321.0060572,34.45546355
825,JJA,8,2002,8/2/2002,1018.787079,327.5983653,34.9559107
826,JJA,8,2002,8/12/2002,1020.112307,319.7098262,33.7895989
827,JJA,8,2002,8/22/2002,1018.666494,325.1112195,34.58441648
828,SON,9,2002,9/1/2002,1019.92426,325.5154627,37.33674731
829,SON,9,2002,9/11/2002,1017.361681,319.1464881,31.33204532
830,SON,9,2002,9/21/2002,1016.694626,319.6894799,35.85105275
831,SON,10,2002,10/1/2002,1017.358225,338.096097,36.68143085
832,SON,10,2002,10/11/2002,1018.218383,317.7171624,35.99577102
833,SON,10,2002,10/21/2002,1016.400459,326.6405386,31.23991255
834,SON,10,2002,10/31/2002,1018.485363,343.6754,32.58384015
835,SON,11,2002,11/10/2002,1018.720167,327.5640417,30.70715182
836,SON,11,2002,11/20/2002,1018.876308,320.3798146,29.47988137
837,SON,11,2002,11/30/2002,1019.999355,331.8023728,31.28455734
838,DJF,12,2002,12/10/2002,1017.288094,327.8112416,31.62759518
839,DJF,12,2002,12/20/2002,1018.567786,341.9702419,29.3443731
840,DJF,12,2002,12/30/2002,1020.54728,334.6840012,27.71257603
841,DJF,1,2003,1/9/2003,1020.061857,333.8857057,32.06960523
842,DJF,1,2003,1/19/2003,1021.416871,337.5422499,30.10374009
843,DJF,1,2003,1/29/2003,1024.532864,333.1612088,35.89702424
844,DJF,2,2003,2/8/2003,1020.805167,330.7778116,32.68177774
845,DJF,2,2003,2/18/2003,1019.354905,325.5594877,31.47560477
846,DJF,2,2003,2/28/2003,1019.051729,332.4945095,30.69377766
847,MAM,3,2003,3/10/2003,1019.178285,335.7374451,34.05454869
848,MAM,3,2003,3/20/2003,1018.41034,339.2957449,35.95051243
849,MAM,3,2003,3/30/2003,1017.295178,321.0852035,37.13541512
850,MAM,4,2003,4/9/2003,1019.759395,315.4556618,31.65019583
851,MAM,4,2003,4/19/2003,1018.013311,319.6662506,33.9295333
852,MAM,4,2003,4/29/2003,1018.130538,323.5398476,30.70234048
853,MAM,5,2003,5/9/2003,1021.073515,329.2500106,34.27821101
854,MAM,5,2003,5/19/2003,1019.520665,325.1014197,36.0782494
855,MAM,5,2003,5/29/2003,1018.75973,319.2267212,30.7021225
856,JJA,6,2003,6/8/2003,1019.258256,321.6109612,31.51757065
857,JJA,6,2003,6/18/2003,1018.579032,323.7364385,31.99177918
858,JJA,6,2003,6/28/2003,1019.173233,318.9252491,30.9676019
859,JJA,7,2003,7/8/2003,1020.056496,323.6091691,33.35152681
860,JJA,7,2003,7/18/2003,1020.848386,319.2732446,33.9137072
861,JJA,7,2003,7/28/2003,1020.763188,320.154674,33.75241113
862,JJA,8,2003,8/7/2003,1018.675319,320.5229261,35.85259026
863,JJA,8,2003,8/17/2003,1018.780399,324.523832,34.43667174
864,JJA,8,2003,8/27/2003,1018.564446,320.7542932,33.91208137
865,SON,9,2003,9/6/2003,1019.137126,329.0923631,36.30156404
866,SON,9,2003,9/16/2003,1018.177284,327.0124512,37.75866374
867,SON,9,2003,9/26/2003,1017.511364,323.1459637,38.76577288
868,SON,10,2003,10/6/2003,1019.003447,329.3793925,39.31531595
869,SON,10,2003,10/16/2003,1015.486659,330.1777925,33.27025681
870,SON,10,2003,10/26/2003,1019.979188,321.9697401,37.80975664
871,SON,11,2003,11/5/2003,1018.000253,323.3538546,33.69269121
872,SON,11,2003,11/15/2003,1018.861226,335.7568659,34.824809
873,SON,11,2003,11/25/2003,1017.329657,329.4664555,34.25779877
874,DJF,12,2003,12/5/2003,1017.219184,331.2112432,34.63172691
875,DJF,12,2003,12/15/2003,1019.301956,339.9520695,31.52762026
876,DJF,12,2003,12/25/2003,1019.191738,336.6818789,35.21726406
877,DJF,1,2004,1/4/2004,1019.752413,331.1293178,31.39102664
878,DJF,1,2004,1/14/2004,1019.059829,338.1205483,30.72617266
879,DJF,1,2004,1/24/2004,1018.069201,337.009614,29.57419681
880,DJF,2,2004,2/3/2004,1021.827907,341.3623325,31.62548896
881,DJF,2,2004,2/13/2004,1020.650428,334.6352652,34.22578298
882,DJF,2,2004,2/23/2004,1017.421921,322.2013761,35.1075527
883,MAM,3,2004,3/4/2004,1021.022046,335.6597746,32.30155531
884,MAM,3,2004,3/14/2004,1021.834363,331.1963265,33.25490657
885,MAM,3,2004,3/24/2004,1021.599857,320.0477959,39.01545139
886,MAM,4,2004,4/3/2004,1016.695694,334.4904835,32.70567938
887,MAM,4,2004,4/13/2004,1020.911125,322.7911435,36.20322727
888,MAM,4,2004,4/23/2004,1019.236118,316.0442233,31.66237028
889,MAM,5,2004,5/3/2004,1021.357355,317.6527598,34.72789807
890,MAM,5,2004,5/13/2004,1020.572812,321.1875572,35.4673058
891,MAM,5,2004,5/23/2004,1018.732599,327.8906431,33.88653406
892,JJA,6,2004,6/2/2004,1020.317907,329.169794,32.88838499
893,JJA,6,2004,6/12/2004,1019.569064,328.207712,33.26418907
894,JJA,6,2004,6/22/2004,1018.748139,321.2312478,28.50397126
895,JJA,7,2004,7/2/2004,1020.562197,324.6491599,35.28298955
896,JJA,7,2004,7/12/2004,1020.017163,324.8780529,34.45088713
897,JJA,7,2004,7/22/2004,1019.389166,319.6418835,35.29372815
898,JJA,8,2004,8/1/2004,1018.624388,318.8030006,31.79982288
899,JJA,8,2004,8/11/2004,1019.610065,315.2683664,31.98457201
900,JJA,8,2004,8/21/2004,1018.809296,320.5806865,33.94419528
901,JJA,8,2004,8/31/2004,1019.058196,324.8166849,36.1694661
902,SON,9,2004,9/10/2004,1019.400981,326.5023728,37.07867647
903,SON,9,2004,9/20/2004,1018.367915,335.7901304,37.12719729
904,SON,9,2004,9/30/2004,1018.561533,330.3308694,36.42898562
905,SON,10,2004,10/10/2004,1017.259958,331.2341045,38.19461483
906,SON,10,2004,10/20/2004,1016.248194,333.1144943,34.02295412
907,SON,10,2004,10/30/2004,1015.805455,323.3912213,27.80478286
908,SON,11,2004,11/9/2004,1019.452229,332.4589465,41.66913233
909,SON,11,2004,11/19/2004,1019.924208,340.8927035,35.92068492
910,SON,11,2004,11/29/2004,1017.702214,334.2294894,37.30731906
911,DJF,12,2004,12/9/2004,1019.341927,332.9312556,34.23346274
912,DJF,12,2004,12/19/2004,1021.649063,329.1581924,36.88827838
913,DJF,12,2004,12/29/2004,1023.241196,331.9019557,36.05342175
914,DJF,1,2005,1/8/2005,1024.459916,337.4376344,33.44979495
915,DJF,1,2005,1/18/2005,1020.287433,334.441156,35.3784307
916,DJF,1,2005,1/28/2005,1020.121138,339.8012156,39.50165839
917,DJF,2,2005,2/7/2005,1023.156675,341.0994356,37.18594098
918,DJF,2,2005,2/17/2005,1019.208878,327.9264173,37.79392492
919,DJF,2,2005,2/27/2005,1017.260134,321.5469951,33.41260412
920,MAM,3,2005,3/9/2005,1017.506982,344.6883045,35.83655948
921,MAM,3,2005,3/19/2005,1017.281356,341.3788232,32.38998963
922,MAM,3,2005,3/29/2005,1016.974172,327.0562339,31.95359405
923,MAM,4,2005,4/8/2005,1018.905094,331.4333646,38.37201065
924,MAM,4,2005,4/18/2005,1018.729216,324.6319053,31.67702113
925,MAM,4,2005,4/28/2005,1017.76576,321.402215,34.34886288
926,MAM,5,2005,5/8/2005,1018.472481,321.2794952,37.45700996
927,MAM,5,2005,5/18/2005,1017.624745,334.0926292,35.58521477
928,MAM,5,2005,5/28/2005,1018.302256,331.5872184,34.63925404
929,JJA,6,2005,6/7/2005,1018.317999,326.5345219,35.32386612
930,JJA,6,2005,6/17/2005,1017.256669,334.2124708,32.84348675
931,JJA,6,2005,6/27/2005,1019.855412,323.4694111,34.86379088
932,JJA,7,2005,7/7/2005,1020.702179,324.9820245,35.88278986
933,JJA,7,2005,7/17/2005,1020.134427,325.9070775,35.17638713
934,JJA,7,2005,7/27/2005,1018.860869,320.0614613,32.39941464
935,JJA,8,2005,8/6/2005,1018.895864,324.7711542,35.50460865
936,JJA,8,2005,8/16/2005,1019.024521,326.7965191,36.63802723
937,JJA,8,2005,8/26/2005,1018.931753,327.1103069,36.36944866
938,SON,9,2005,9/5/2005,1017.437694,329.3587642,35.35666378
939,SON,9,2005,9/15/2005,1019.213299,328.5050109,35.08650708
940,SON,9,2005,9/25/2005,1019.246774,331.553324,36.27111367
941,SON,10,2005,10/5/2005,1019.022734,323.0374398,38.58340046
942,SON,10,2005,10/15/2005,1017.096082,336.3148609,32.29055461
943,SON,10,2005,10/25/2005,1017.121572,335.7156384,29.92263938
944,SON,11,2005,11/4/2005,1020.428573,332.8193549,32.69867595
945,SON,11,2005,11/14/2005,1019.765511,327.6225363,36.94368551
946,SON,11,2005,11/24/2005,1018.464269,324.0505144,43.61811291
947,DJF,12,2005,12/4/2005,1016.801339,331.3282035,31.93611295
948,DJF,12,2005,12/14/2005,1020.12049,336.619002,39.50120718
949,DJF,12,2005,12/24/2005,1018.739951,336.874742,32.91954188
950,DJF,1,2006,1/3/2006,1019.940599,335.0326695,34.15935581
951,DJF,1,2006,1/13/2006,1022.476444,333.2258294,33.25974212
952,DJF,1,2006,1/23/2006,1019.12856,329.9271828,33.04060752
953,DJF,2,2006,2/2/2006,1018.459985,332.1894413,33.61800826
954,DJF,2,2006,2/12/2006,1019.573255,325.909467,31.53233802
955,DJF,2,2006,2/22/2006,1018.378437,326.5204188,29.44573911
956,MAM,3,2006,3/4/2006,1019.639079,332.0551559,30.42540224
957,MAM,3,2006,3/14/2006,1017.030014,317.6373183,29.00609971
958,MAM,3,2006,3/24/2006,1016.924778,328.9207096,26.81532592
959,MAM,4,2006,4/3/2006,1017.215239,317.928418,30.48730975
960,MAM,4,2006,4/13/2006,1017.87927,327.6547995,37.21331966
961,MAM,4,2006,4/23/2006,1018.820492,327.8371673,34.43016212
962,MAM,5,2006,5/3/2006,1018.067294,322.9760148,35.76170733
963,MAM,5,2006,5/13/2006,1017.300842,324.7406634,34.3696733
964,MAM,5,2006,5/23/2006,1019.671477,329.0994154,32.79525873
965,JJA,6,2006,6/2/2006,1018.466176,328.0210949,36.16795716
966,JJA,6,2006,6/12/2006,1019.860332,324.9733302,33.76602318
967,JJA,6,2006,6/22/2006,1022.09167,320.4034359,35.65645878
968,JJA,7,2006,7/2/2006,1021.689412,321.7734815,33.81600816
969,JJA,7,2006,7/12/2006,1021.46733,324.0579489,35.31006537
970,JJA,7,2006,7/22/2006,1019.729266,321.4876067,33.75729925
971,JJA,8,2006,8/1/2006,1018.560595,322.5943528,31.83650369
972,JJA,8,2006,8/11/2006,1018.030921,323.8722479,36.77195306
973,JJA,8,2006,8/21/2006,1018.602046,322.2682584,34.43458738
974,JJA,8,2006,8/31/2006,1017.736,327.8648056,36.4708731
975,SON,9,2006,9/10/2006,1017.885446,324.4487012,34.54785797
976,SON,9,2006,9/20/2006,1016.588809,324.5587632,29.48429645
977,SON,9,2006,9/30/2006,1017.74665,322.483985,33.71703147
978,SON,10,2006,10/10/2006,1017.622657,330.0223737,34.90671107
979,SON,10,2006,10/20/2006,1015.596822,326.2231492,25.37556157
980,SON,10,2006,10/30/2006,1017.014343,334.8866781,37.20845457
981,SON,11,2006,11/9/2006,1019.406729,338.9955307,38.90008302
982,SON,11,2006,11/19/2006,1019.057163,329.3093084,33.28160756
983,SON,11,2006,11/29/2006,1020.473117,330.7830607,33.48660899
984,DJF,12,2006,12/9/2006,1022.03543,329.5844426,33.04069032
985,DJF,12,2006,12/19/2006,1021.865197,338.1366694,35.08997971
986,DJF,12,2006,12/29/2006,1024.26146,339.2003955,32.2947893
987,DJF,1,2007,1/8/2007,1024.152276,334.7001389,32.95305017
988,DJF,1,2007,1/18/2007,1021.086889,338.2952001,32.93346518
989,DJF,1,2007,1/28/2007,1019.687812,338.9956024,36.5763319
990,DJF,2,2007,2/7/2007,1019.198375,328.8227687,28.33517784
991,DJF,2,2007,2/17/2007,1018.045084,330.3266996,28.58778728
992,DJF,2,2007,2/27/2007,1020.662993,337.4488133,29.78149981
993,MAM,3,2007,3/9/2007,1021.712359,332.7987171,34.12633731
994,MAM,3,2007,3/19/2007,1022.750768,324.0164437,36.34413843
995,MAM,3,2007,3/29/2007,1018.646655,326.1097907,35.09657457
996,MAM,4,2007,4/8/2007,1017.743874,333.7050112,34.32508001
997,MAM,4,2007,4/18/2007,1017.756022,339.6645538,35.50581164
998,MAM,4,2007,4/28/2007,1019.752068,320.9070347,31.22575062
999,MAM,5,2007,5/8/2007,1019.322938,327.8741749,33.38091734
1000,MAM,5,2007,5/18/2007,1020.722704,322.9133853,35.97247128
1001,MAM,5,2007,5/28/2007,1019.663077,320.5522505,32.72906698
1002,JJA,6,2007,6/7/2007,1018.313716,320.702044,33.12030837
1003,JJA,6,2007,6/17/2007,1018.492743,320.4745587,27.98051155
1004,JJA,6,2007,6/27/2007,1020.749226,320.5840682,31.91559137
1005,JJA,7,2007,7/7/2007,1020.97097,324.0283008,34.07982618
1006,JJA,7,2007,7/17/2007,1020.17966,319.6472989,34.18121391
1007,JJA,7,2007,7/27/2007,1018.724727,318.4743858,33.35630283
1008,JJA,8,2007,8/6/2007,1019.387173,324.2213347,34.71802274
1009,JJA,8,2007,8/16/2007,1019.841846,322.3928105,34.62911759
1010,JJA,8,2007,8/26/2007,1018.49692,326.1803914,38.76393032
1011,SON,9,2007,9/5/2007,1018.550319,330.367238,37.09913165
1012,SON,9,2007,9/15/2007,1019.327171,328.2139217,38.17766678
1013,SON,9,2007,9/25/2007,1017.771382,327.4571862,34.09611138
1014,SON,10,2007,10/5/2007,1017.956857,332.6873083,35.218218
1015,SON,10,2007,10/15/2007,1017.423488,339.7979718,36.6905336
1016,SON,10,2007,10/25/2007,1018.143102,327.3936502,37.50035638
1017,SON,11,2007,11/4/2007,1019.455707,336.8244638,39.7805311
1018,SON,11,2007,11/14/2007,1016.995528,334.299913,37.59221159
1019,SON,11,2007,11/24/2007,1018.524475,325.8502112,35.42600243
1020,DJF,12,2007,12/4/2007,1020.8169,335.7273895,32.23141058
1021,DJF,12,2007,12/14/2007,1019.967801,334.6414994,34.15368386
1022,DJF,12,2007,12/24/2007,1021.044561,332.7477926,35.53055483
1023,DJF,1,2008,1/3/2008,1020.95811,327.6447235,31.40830954
1024,DJF,1,2008,1/13/2008,1020.180491,335.3326997,30.86004748
1025,DJF,1,2008,1/23/2008,1022.33798,339.0939305,35.18845372
1026,DJF,2,2008,2/2/2008,1020.737246,332.9044305,33.29554692
1027,DJF,2,2008,2/12/2008,1020.809417,337.038379,34.82207321
1028,DJF,2,2008,2/22/2008,1021.018417,334.1073212,33.20225909
1029,MAM,3,2008,3/3/2008,1020.891327,326.2563334,36.208863
1030,MAM,3,2008,3/13/2008,1017.743826,327.101858,30.66922188
1031,MAM,3,2008,3/23/2008,1019.490389,322.9814756,33.39528023
1032,MAM,4,2008,4/2/2008,1018.723218,314.3351433,33.64961554
1033,MAM,4,2008,4/12/2008,1017.107879,316.1532103,29.0648049
1034,MAM,4,2008,4/22/2008,1017.662876,320.0217743,34.03830139
1035,MAM,5,2008,5/2/2008,1016.036596,318.5535648,34.38199135
1036,MAM,5,2008,5/12/2008,1018.249888,325.2855716,29.00518964
1037,MAM,5,2008,5/22/2008,1018.82306,323.4892992,30.63213053
1038,JJA,6,2008,6/1/2008,1020.241945,321.7242941,32.96643029
1039,JJA,6,2008,6/11/2008,1018.144895,331.975019,34.65694517
1040,JJA,6,2008,6/21/2008,1019.254574,321.8474676,32.13210217
1041,JJA,7,2008,7/1/2008,1020.360055,319.5382199,33.3105852
1042,JJA,7,2008,7/11/2008,1019.815456,323.7833352,34.77521211
1043,JJA,7,2008,7/21/2008,1019.688534,321.1619342,35.50680284
1044,JJA,7,2008,7/31/2008,1018.349489,324.4498824,32.02876082
1045,JJA,8,2008,8/10/2008,1018.325395,321.8139636,32.19722427
1046,JJA,8,2008,8/20/2008,1019.07645,321.2108289,35.63591454
1047,JJA,8,2008,8/30/2008,1017.93096,328.7221718,36.64584518
1048,SON,9,2008,9/9/2008,1018.032396,317.0488731,32.68478277
1049,SON,9,2008,9/19/2008,1018.555237,323.034407,38.95138514
1050,SON,9,2008,9/29/2008,1018.839696,331.247427,38.91831519
1051,SON,10,2008,10/9/2008,1018.646657,332.9361009,36.00509552
1052,SON,10,2008,10/19/2008,1018.598494,333.1278504,35.51661769
1053,SON,10,2008,10/29/2008,1020.809437,322.2545881,36.32842002
1054,SON,11,2008,11/8/2008,1019.209093,333.2290186,35.80003872
1055,SON,11,2008,11/18/2008,1020.121625,336.290705,39.80800234
1056,SON,11,2008,11/28/2008,1019.087417,326.3018989,37.68072932
1057,DJF,12,2008,12/8/2008,1020.866062,326.9065811,34.10749644
1058,DJF,12,2008,12/18/2008,1020.797156,331.9513293,35.22276882
1059,DJF,12,2008,12/28/2008,1018.777944,334.0350471,33.31617943
1060,DJF,1,2009,1/7/2009,1020.095067,331.4019797,32.55999442
1061,DJF,1,2009,1/17/2009,1021.359438,327.3338554,29.795912
1062,DJF,1,2009,1/27/2009,1019.99181,322.9633434,28.45560969
1063,DJF,2,2009,2/6/2009,1019.989705,317.4637895,29.28957517
1064,DJF,2,2009,2/16/2009,1020.165917,337.6220116,35.18504586
1065,DJF,2,2009,2/26/2009,1021.416873,325.6111078,36.01903251
1066,MAM,3,2009,3/8/2009,1018.624866,322.2521212,34.71669588
1067,MAM,3,2009,3/18/2009,1019.186731,328.8202828,38.54596792
1068,MAM,3,2009,3/28/2009,1017.609952,321.9519554,33.67428893
1069,MAM,4,2009,4/7/2009,1019.755835,323.0930792,32.936826
1070,MAM,4,2009,4/17/2009,1019.614544,322.6204533,31.8289611
1071,MAM,4,2009,4/27/2009,1021.712624,319.3466252,34.0772143
1072,MAM,5,2009,5/7/2009,1020.492875,324.0728582,34.46887162
1073,MAM,5,2009,5/17/2009,1020.157106,318.8144757,35.89110272
1074,MAM,5,2009,5/27/2009,1019.369264,325.8096522,34.26255737
1075,JJA,6,2009,6/6/2009,1018.82495,318.2745851,29.42813824
1076,JJA,6,2009,6/16/2009,1019.52063,328.0613392,35.74326275
1077,JJA,6,2009,6/26/2009,1017.654204,323.8764326,30.8759423
1078,JJA,7,2009,7/6/2009,1018.401839,322.5533246,31.64524087
1079,JJA,7,2009,7/16/2009,1020.593761,320.9481329,33.63576182
1080,JJA,7,2009,7/26/2009,1019.701506,320.6334218,33.85875603
1081,JJA,8,2009,8/5/2009,1019.768116,320.332842,34.00759973
1082,JJA,8,2009,8/15/2009,1018.71802,323.8612564,34.5183689
1083,JJA,8,2009,8/25/2009,1019.10438,322.444102,34.53411898
1084,SON,9,2009,9/4/2009,1018.877304,322.6284707,35.07137288
1085,SON,9,2009,9/14/2009,1018.714959,327.3262095,36.67361413
1086,SON,9,2009,9/24/2009,1019.200229,332.5871253,37.22572491
1087,SON,10,2009,10/4/2009,1016.735555,332.4253821,29.67179006
1088,SON,10,2009,10/14/2009,1016.664027,337.706524,39.54234819
1089,SON,10,2009,10/24/2009,1015.941854,314.6515091,33.0970559
1090,SON,11,2009,11/3/2009,1018.854194,328.8466064,35.33544941
1091,SON,11,2009,11/13/2009,1017.936272,327.5479509,33.81036716
1092,SON,11,2009,11/23/2009,1019.928801,338.3932439,33.00107861
1093,DJF,12,2009,12/3/2009,1019.296495,331.0597034,30.30358117
1094,DJF,12,2009,12/13/2009,1016.785729,323.4969788,30.93020275
1095,DJF,12,2009,12/23/2009,1015.70744,326.1745966,25.03015093
1096,DJF,1,2010,1/2/2010,1017.172594,329.841908,26.0304422
1097,DJF,1,2010,1/12/2010,1018.712099,330.8377937,27.46362368
1098,DJF,1,2010,1/22/2010,1018.758429,339.5326687,33.57947692
1099,DJF,2,2010,2/1/2010,1016.290407,328.815798,29.63765633
1100,DJF,2,2010,2/11/2010,1015.003892,325.0935181,26.73024201
1101,DJF,2,2010,2/21/2010,1015.064979,326.9456173,21.91585323
1102,MAM,3,2010,3/3/2010,1016.021851,332.2974727,27.13170559
1103,MAM,3,2010,3/13/2010,1017.75629,345.2696398,36.45634755
1104,MAM,3,2010,3/23/2010,1018.396962,330.9710313,30.33059528
1105,MAM,4,2010,4/2/2010,1017.332355,330.3650606,36.55335181
1106,MAM,4,2010,4/12/2010,1018.246615,318.1538279,37.73152523
1107,MAM,4,2010,4/22/2010,1016.00686,343.3968063,34.56329949
1108,MAM,5,2010,5/2/2010,1018.143854,325.1215324,32.51271617
1109,MAM,5,2010,5/12/2010,1019.976629,321.7409586,33.61094884
1110,MAM,5,2010,5/22/2010,1019.131883,327.3138841,34.96230659
1111,JJA,6,2010,6/1/2010,1018.369981,329.1677611,32.26848748
1112,JJA,6,2010,6/11/2010,1020.444351,323.924632,33.6431511
1113,JJA,6,2010,6/21/2010,1020.477633,324.2391659,33.94959603
1114,JJA,7,2010,7/1/2010,1020.111222,325.9737504,34.26570248
1115,JJA,7,2010,7/11/2010,1019.773751,319.7095317,34.39837384
1116,JJA,7,2010,7/21/2010,1020.17835,324.4560687,34.13351049
1117,JJA,7,2010,7/31/2010,1019.682595,324.0909053,36.55427564
1118,JJA,8,2010,8/10/2010,1018.524076,328.398218,36.81327717
1119,JJA,8,2010,8/20/2010,1017.6226,323.8942441,33.99378459
1120,JJA,8,2010,8/30/2010,1016.337972,324.2955494,33.43811842
1121,SON,9,2010,9/9/2010,1017.792769,330.1622663,35.89732558
1122,SON,9,2010,9/19/2010,1017.136895,327.8295582,37.30774127
1123,SON,9,2010,9/29/2010,1018.122203,318.9088196,34.606509
1124,SON,10,2010,10/9/2010,1016.284801,321.0364025,27.30356844
1125,SON,10,2010,10/19/2010,1017.255894,334.1226604,38.6141318
1126,SON,10,2010,10/29/2010,1018.217139,329.0784981,33.58091798
1127,SON,11,2010,11/8/2010,1018.280487,328.1580022,37.67754039
1128,SON,11,2010,11/18/2010,1016.164416,324.7835065,33.24204063
1129,SON,11,2010,11/28/2010,1016.755148,313.1566737,38.98885336
1130,DJF,12,2010,12/8/2010,1016.496974,334.7533612,34.42412583
1131,DJF,12,2010,12/18/2010,1015.025769,345.2465034,37.25909802
1132,DJF,12,2010,12/28/2010,1016.770764,344.8280236,32.51950746
1133,DJF,1,2011,1/7/2011,1018.769342,341.2529031,29.19571191
1134,DJF,1,2011,1/17/2011,1019.983804,338.6926673,33.68358067
1135,DJF,1,2011,1/27/2011,1019.676442,323.8422331,36.38666523
1136,DJF,2,2011,2/6/2011,1022.303246,335.8211805,32.36555241
1137,DJF,2,2011,2/16/2011,1019.020842,325.5695786,27.96688351
1138,DJF,2,2011,2/26/2011,1019.878194,335.7492335,35.60992505
1139,MAM,3,2011,3/8/2011,1021.426258,319.093935,39.83571416
1140,MAM,3,2011,3/18/2011,1018.688386,328.1277983,35.77804544
1141,MAM,3,2011,3/28/2011,1019.266316,336.1476051,31.11410071
1142,MAM,4,2011,4/7/2011,1019.276886,332.5769607,34.24131646
1143,MAM,4,2011,4/17/2011,1019.198966,314.7281928,36.43564136
1144,MAM,4,2011,4/27/2011,1019.503149,312.4398983,34.38230084
1145,MAM,5,2011,5/7/2011,1017.603177,331.0479261,39.64739841
1146,MAM,5,2011,5/17/2011,1019.937853,329.7150841,38.66873696
1147,MAM,5,2011,5/27/2011,1020.217645,328.7022714,38.22352462
1148,JJA,6,2011,6/6/2011,1018.222903,329.7961022,36.01776279
1149,JJA,6,2011,6/16/2011,1018.478215,328.0010051,32.06545394
1150,JJA,6,2011,6/26/2011,1019.502048,327.3468474,35.132645
1151,JJA,7,2011,7/6/2011,1020.264597,320.1185953,33.12784225
1152,JJA,7,2011,7/16/2011,1021.150933,325.2651625,35.39472209
1153,JJA,7,2011,7/26/2011,1020.2996,324.4880031,34.57019237
1154,JJA,8,2011,8/5/2011,1018.016906,327.0167303,31.87837134
1155,JJA,8,2011,8/15/2011,1017.682383,322.3861882,34.24183904
1156,JJA,8,2011,8/25/2011,1018.455778,323.2645788,35.18588313
1157,SON,9,2011,9/4/2011,1017.820785,322.4156974,32.93576093
1158,SON,9,2011,9/14/2011,1018.264574,321.7015446,33.96327411
1159,SON,9,2011,9/24/2011,1017.832814,328.7908957,34.74603482
1160,SON,10,2011,10/4/2011,1018.521938,336.0004992,37.65905357
1161,SON,10,2011,10/14/2011,1018.854767,337.3765167,37.72771697
1162,SON,10,2011,10/24/2011,1016.738689,327.0487594,32.4353767
1163,SON,11,2011,11/3/2011,1017.074814,322.1290823,31.43671156
1164,SON,11,2011,11/13/2011,1018.047827,330.5707683,34.30123868
1165,SON,11,2011,11/23/2011,1019.535817,331.3922176,36.12854627
1166,DJF,12,2011,12/3/2011,1021.446972,333.5010136,35.87247274
1167,DJF,12,2011,12/13/2011,1021.141115,332.9974848,33.944991
1168,DJF,12,2011,12/23/2011,1022.994943,339.2613194,34.44465026
1169,DJF,1,2012,1/2/2012,1024.780587,337.3936014,32.9964927
1170,DJF,1,2012,1/12/2012,1021.827162,337.7203948,34.09264652
1171,DJF,1,2012,1/22/2012,1021.80928,333.7456068,35.28349493
1172,DJF,2,2012,2/1/2012,1021.854324,334.6377726,34.51474612
1173,DJF,2,2012,2/11/2012,1022.725842,335.0695193,36.43239578
1174,DJF,2,2012,2/21/2012,1022.049676,337.9937986,34.57109554
1175,MAM,3,2012,3/2/2012,1021.976304,331.7176962,33.34883599
1176,MAM,3,2012,3/12/2012,1023.118009,330.6749483,35.60174562
1177,MAM,3,2012,3/22/2012,1019.290146,337.2030926,36.06092571
1178,MAM,4,2012,4/1/2012,1018.164627,329.0131586,33.40718238
1179,MAM,4,2012,4/11/2012,1020.202002,323.4092263,34.07420437
1180,MAM,4,2012,4/21/2012,1019.734016,323.5416697,35.29233418
1181,MAM,5,2012,5/1/2012,1018.149113,320.7078109,32.93485919
1182,MAM,5,2012,5/11/2012,1018.812697,325.0659779,37.72248216
1183,MAM,5,2012,5/21/2012,1020.393287,317.4947318,33.01384912
1184,MAM,5,2012,5/31/2012,1017.852156,326.7387549,29.11215636
1185,JJA,6,2012,6/10/2012,1018.767934,323.2178109,31.2322753
1186,JJA,6,2012,6/20/2012,1018.178433,327.4417605,32.7454177
1187,JJA,6,2012,6/30/2012,1019.910749,321.4176003,33.60822182
1188,JJA,7,2012,7/10/2012,1020.773508,321.540905,34.62594883
1189,JJA,7,2012,7/20/2012,1019.500878,326.0517731,34.17808316
1190,JJA,7,2012,7/30/2012,1019.030079,321.5711294,34.18723979
1191,JJA,8,2012,8/9/2012,1018.592833,319.7202944,33.72214601
1192,JJA,8,2012,8/19/2012,1017.106915,320.6769289,31.81863367
1193,JJA,8,2012,8/29/2012,1018.79586,328.954436,35.3550802
1194,SON,9,2012,9/8/2012,1017.676648,332.4319685,36.74434461
1195,SON,9,2012,9/18/2012,1017.219437,319.7333007,39.54660436
1196,SON,9,2012,9/28/2012,1018.372632,321.4703556,35.27592223
1197,SON,10,2012,10/8/2012,1016.315443,326.7006806,32.74288756
1198,SON,10,2012,10/18/2012,1016.645617,320.106749,32.58745788
1199,SON,10,2012,10/28/2012,1015.668115,311.2449882,48.96788691
1200,SON,11,2012,11/7/2012,1018.388549,327.5070618,35.82194203
1201,SON,11,2012,11/17/2012,1018.450737,320.2283977,37.29125014
1202,SON,11,2012,11/27/2012,1018.485725,326.025931,36.13304359
1203,DJF,12,2012,12/7/2012,1019.1995,332.4440961,32.84869281
1204,DJF,12,2012,12/17/2012,1017.958237,343.6966235,30.58586382
1205,DJF,12,2012,12/27/2012,1020.976901,339.344957,31.3066107
1206,DJF,1,2013,1/6/2013,1022.828998,338.2496809,32.57525329
1207,DJF,1,2013,1/16/2013,1018.26724,329.4836048,30.38923954
1208,DJF,1,2013,1/26/2013,1021.079058,331.73066,29.59158486
1209,DJF,2,2013,2/5/2013,1021.882501,333.3919713,34.84417799
1210,DJF,2,2013,2/15/2013,1018.704295,326.1747546,29.58129893
1211,DJF,2,2013,2/25/2013,1016.903398,334.2459619,35.26865608
1212,MAM,3,2013,3/7/2013,1016.565907,311.1649542,33.84185839
1213,MAM,3,2013,3/17/2013,1016.126746,307.7090706,25.69061689
1214,MAM,3,2013,3/27/2013,1017.666386,319.6014818,25.25541715
1215,MAM,4,2013,4/6/2013,1019.770271,316.8515096,29.00453198
1216,MAM,4,2013,4/16/2013,1019.550357,322.5774095,34.13117572
1217,MAM,4,2013,4/26/2013,1021.095382,318.3881686,40.71106593
1218,MAM,5,2013,5/6/2013,1018.977923,321.5346479,37.52419858
1219,MAM,5,2013,5/16/2013,1022.019103,321.4564741,35.78808001
1220,MAM,5,2013,5/26/2013,1022.941656,321.8051281,35.62206316
1221,JJA,6,2013,6/5/2013,1020.843198,321.9379268,33.50104517
1222,JJA,6,2013,6/15/2013,1020.526927,322.8221273,31.99278001
1223,JJA,6,2013,6/25/2013,1022.362119,326.9018781,36.74852652
1224,JJA,7,2013,7/5/2013,1020.028797,323.6279941,35.11289343
1225,JJA,7,2013,7/15/2013,1019.464424,324.0818616,34.81820387
1226,JJA,7,2013,7/25/2013,1019.256813,318.140846,32.72947956
1227,JJA,8,2013,8/4/2013,1019.205181,322.2873227,34.45897354
1228,JJA,8,2013,8/14/2013,1019.244458,324.3479827,36.2641077
1229,JJA,8,2013,8/24/2013,1018.982245,324.4214366,36.31070049
1230,SON,9,2013,9/3/2013,1019.686467,330.0471467,37.22557414
1231,SON,9,2013,9/13/2013,1019.662059,328.9004487,37.9945547
1232,SON,9,2013,9/23/2013,1016.374029,336.9292008,30.40674868
1233,SON,10,2013,10/3/2013,1016.515093,322.6837537,30.71445974
1234,SON,10,2013,10/13/2013,1017.490453,326.652423,34.53191821
1235,SON,10,2013,10/23/2013,1017.713341,330.6664007,29.75001349
1236,SON,11,2013,11/2/2013,1019.505836,326.7123679,34.51758318
1237,SON,11,2013,11/12/2013,1020.230929,333.1733212,37.05588116
1238,SON,11,2013,11/22/2013,1017.79354,332.0775896,37.66151797
1239,DJF,12,2013,12/2/2013,1020.62983,333.8077493,40.10982786
1240,DJF,12,2013,12/12/2013,1022.014388,337.1215445,33.00485718
1241,DJF,12,2013,12/22/2013,1022.111726,327.9134777,31.59831079
1242,DJF,1,2014,1/1/2014,1020.996974,329.3811228,30.36163064
1243,DJF,1,2014,1/11/2014,1020.573464,325.1232409,31.81172379
1244,DJF,1,2014,1/21/2014,1021.424383,326.7382445,31.11589974
1245,DJF,1,2014,1/31/2014,1020.922942,319.6036225,31.19141508
1246,DJF,2,2014,2/10/2014,1020.27573,328.0857329,29.01329534
1247,DJF,2,2014,2/20/2014,1020.63188,326.1562009,30.82931733
1248,MAM,3,2014,3/2/2014,1019.920454,328.157742,32.2857862
1249,MAM,3,2014,3/12/2014,1019.473114,339.6205074,36.0883471
1250,MAM,3,2014,3/22/2014,1020.171475,329.822634,32.55248644
1251,MAM,4,2014,4/1/2014,1017.968507,312.3027008,29.12644771
1252,MAM,4,2014,4/11/2014,1019.654598,322.3687054,36.22835269
1253,MAM,4,2014,4/21/2014,1018.275882,320.0032298,29.99872293
1254,MAM,5,2014,5/1/2014,1017.419466,324.3543855,31.18760362
1255,MAM,5,2014,5/11/2014,1019.70891,324.3457881,35.95761613
1256,MAM,5,2014,5/21/2014,1019.738521,321.090816,34.34883238
1257,MAM,5,2014,5/31/2014,1020.102696,325.4601174,34.64369087
1258,JJA,6,2014,6/10/2014,1018.373146,324.0789214,31.51259242
1259,JJA,6,2014,6/20/2014,1020.021045,324.3245186,33.2527051
1260,JJA,6,2014,6/30/2014,1020.683809,321.9403031,33.74398691
1261,JJA,7,2014,7/10/2014,1021.891303,321.2948228,34.59292954
1262,JJA,7,2014,7/20/2014,1019.816117,317.9345724,32.06531961
1263,JJA,7,2014,7/30/2014,1020.058629,318.7458038,34.52901418
1264,JJA,8,2014,8/9/2014,1018.78196,321.3419493,32.64820716
1265,JJA,8,2014,8/19/2014,1017.572993,328.2465572,34.21595762
1266,JJA,8,2014,8/29/2014,1017.650241,320.471504,32.09593486
1267,SON,9,2014,9/8/2014,1017.738405,315.5853697,34.33519667
1268,SON,9,2014,9/18/2014,1017.923602,317.934037,34.70584954
1269,SON,9,2014,9/28/2014,1019.210209,332.5312302,37.78670815
1270,SON,10,2014,10/8/2014,1017.028884,324.6952822,32.86584651
1271,SON,10,2014,10/18/2014,1016.823199,330.0049077,34.4171167
1272,SON,10,2014,10/28/2014,1017.665887,338.0595028,33.92697561
1273,SON,11,2014,11/7/2014,1018.763581,323.9282443,31.36430712
1274,SON,11,2014,11/17/2014,1017.793131,316.8223553,29.4321504
1275,SON,11,2014,11/27/2014,1019.923393,315.4607623,32.95285545
1276,DJF,12,2014,12/7/2014,1022.804325,330.9005932,38.17424762
1277,DJF,12,2014,12/17/2014,1021.574027,339.8570023,34.26771323
1278,DJF,12,2014,12/27/2014,1022.079516,341.0598343,33.87263012
1279,DJF,1,2015,1/6/2015,1026.801197,336.231363,33.50796664
1280,DJF,1,2015,1/16/2015,1021.690932,329.67642,32.57639153
1281,DJF,1,2015,1/26/2015,1022.353786,333.7101546,33.64030432
1282,DJF,2,2015,2/5/2015,1018.58588,328.667755,36.47866747
1283,DJF,2,2015,2/15/2015,1021.167515,335.9622304,33.54102822
1284,DJF,2,2015,2/25/2015,1023.394542,326.5561415,33.23132999
1285,MAM,3,2015,3/7/2015,1022.627365,333.8749343,33.97939886
1286,MAM,3,2015,3/17/2015,1019.814737,330.6227467,35.16114272
1287,MAM,3,2015,3/27/2015,1020.696813,329.8797061,33.3378691
1288,MAM,4,2015,4/6/2015,1021.203415,325.8130358,35.42592044
1289,MAM,4,2015,4/16/2015,1019.985994,327.8065582,33.8628228
1290,MAM,4,2015,4/26/2015,1017.288075,335.2343924,29.02495558
1291,MAM,5,2015,5/6/2015,1018.570058,315.8333195,30.83485932
1292,MAM,5,2015,5/16/2015,1020.32449,327.2879433,35.35927234
1293,MAM,5,2015,5/26/2015,1022.732081,323.0814447,36.28688099
1294,JJA,6,2015,6/5/2015,1020.479541,325.7099203,36.34221106
1295,JJA,6,2015,6/15/2015,1019.953677,325.3072019,33.33147186
1296,JJA,6,2015,6/25/2015,1020.211441,323.3339764,31.19680148
1297,JJA,7,2015,7/5/2015,1019.795429,322.240971,32.72514825
1298,JJA,7,2015,7/15/2015,1019.133414,324.7438578,31.8769536
1299,JJA,7,2015,7/25/2015,1019.122563,322.5892361,32.13940415
1300,JJA,8,2015,8/4/2015,1018.667953,320.8897743,33.12810583
1301,JJA,8,2015,8/14/2015,1019.710565,321.4681417,35.67021393
1302,JJA,8,2015,8/24/2015,1017.893194,323.0118964,34.6913644
1303,SON,9,2015,9/3/2015,1017.551301,331.6266414,36.71772673
1304,SON,9,2015,9/13/2015,1017.678037,319.1680051,31.55020046
1305,SON,9,2015,9/23/2015,1018.401358,328.1081869,38.91223911
1306,SON,10,2015,10/3/2015,1016.789851,331.872567,36.63641735
1307,SON,10,2015,10/13/2015,1017.300008,320.5340911,33.57535102
1308,SON,10,2015,10/23/2015,1018.347875,322.6219313,35.71185945
1309,SON,11,2015,11/2/2015,1018.625297,332.4923082,32.58642156
1310,SON,11,2015,11/12/2015,1020.975796,340.632818,33.43952933
1311,SON,11,2015,11/22/2015,1022.097572,328.590356,37.50888244
1312,DJF,12,2015,12/2/2015,1022.993458,336.5375952,33.77334828
1313,DJF,12,2015,12/12/2015,1020.776748,346.98611,32.6592422
1314,DJF,12,2015,12/22/2015,1023.855537,334.2525347,31.9404191
1315,DJF,1,2016,1/1/2016,1021.786757,332.0392092,29.37096744
1316,DJF,1,2016,1/11/2016,1017.262742,341.0841247,29.90743303
1317,DJF,1,2016,1/21/2016,1021.627466,344.0528427,31.18365491
1318,DJF,1,2016,1/31/2016,1024.730467,337.2267386,34.0092271
1319,DJF,2,2016,2/10/2016,1022.68088,330.9804347,30.11294554
1320,DJF,2,2016,2/20/2016,1023.182627,328.9659888,35.23779961
1321,MAM,3,2016,3/1/2016,1020.892929,327.0620258,34.67562457
1322,MAM,3,2016,3/11/2016,1018.501816,329.1603722,33.84762366
1323,MAM,3,2016,3/21/2016,1020.374019,324.9889491,31.60075509
1324,MAM,3,2016,3/31/2016,1020.847803,319.6241337,30.48608495
1325,MAM,4,2016,4/10/2016,1019.576301,316.0181083,35.41743033
1326,MAM,4,2016,4/20/2016,1016.496782,331.3003496,36.34027882
1327,MAM,4,2016,4/30/2016,1018.436369,327.8919277,37.05350836
1328,MAM,5,2016,5/10/2016,1019.300679,316.4696053,30.04133488
1329,MAM,5,2016,5/20/2016,1020.165955,322.4540844,31.61110583
1330,MAM,5,2016,5/30/2016,1018.788636,317.00961,32.05271737
1331,JJA,6,2016,6/9/2016,1018.51432,324.261722,29.07040417
1332,JJA,6,2016,6/19/2016,1020.637713,324.5656938,33.64644823
1333,JJA,6,2016,6/29/2016,1022.42438,323.2605617,35.35017185
1334,JJA,7,2016,7/9/2016,1019.853935,325.9163768,32.54773621
1335,JJA,7,2016,7/19/2016,1020.28868,323.2075146,35.41195438
1336,JJA,7,2016,7/29/2016,1019.461555,326.0198216,35.36028643
1337,JJA,8,2016,8/8/2016,1019.864259,330.0570739,37.26146343
1338,JJA,8,2016,8/18/2016,1018.060588,324.0931969,33.30573204
1339,JJA,8,2016,8/28/2016,1018.604809,329.1250665,35.5621447
1340,SON,9,2016,9/7/2016,1018.755,322.0909243,33.66248129
1341,SON,9,2016,9/17/2016,1019.322437,325.5459128,36.27320525
1342,SON,9,2016,9/27/2016,1019.020067,329.5139415,35.67820366
1343,SON,10,2016,10/7/2016,1017.712442,326.2364229,36.9864386
1344,SON,10,2016,10/17/2016,1015.629284,328.5974806,36.28628754
1345,SON,10,2016,10/27/2016,1018.335489,334.9483867,38.23626148
1346,SON,11,2016,11/6/2016,1018.622033,338.2996249,34.43565673
1347,SON,11,2016,11/16/2016,1019.006084,335.0505423,37.50861847
1348,SON,11,2016,11/26/2016,1017.084432,328.0984615,37.63471919
1349,DJF,12,2016,12/6/2016,1018.574851,344.432896,33.25221965
1350,DJF,12,2016,12/16/2016,1022.566665,330.5206882,33.74471183
1351,DJF,12,2016,12/26/2016,1023.773398,339.9109495,35.13246651
