,Season,Month,Year,Date,NAO-PC-H
1,DJF,1,1980,1/10/1980,0.1
2,DJF,1,1980,1/20/1980,-0.7
3,DJF,1,1980,1/30/1980,-0.7
4,DJF,2,1980,2/9/1980,-0.5
5,DJF,2,1980,2/19/1980,0.9
6,DJF,2,1980,2/29/1980,0.7
7,MAM,3,1980,3/10/1980,0.8
8,MAM,3,1980,3/20/1980,-1
9,MAM,3,1980,3/30/1980,-0.2
10,MAM,4,1980,4/9/1980,0.7
11,MAM,4,1980,4/19/1980,0.9
12,MAM,4,1980,4/29/1980,0
13,MAM,5,1980,5/9/1980,-1.2
14,MAM,5,1980,5/19/1980,-0.2
15,MAM,5,1980,5/29/1980,-0.5
16,JJA,6,1980,6/8/1980,0.1
17,JJA,6,1980,6/18/1980,0
18,JJA,6,1980,6/28/1980,-0.6
19,JJA,7,1980,7/8/1980,-0.8
20,JJA,7,1980,7/18/1980,0
21,JJA,7,1980,7/28/1980,0.1
22,JJA,8,1980,8/7/1980,-1
23,JJA,8,1980,8/17/1980,-0.7
24,JJA,8,1980,8/27/1980,-1.4
25,SON,9,1980,9/6/1980,0
26,SON,9,1980,9/16/1980,0.4
27,SON,9,1980,9/26/1980,0.6
28,SON,10,1980,10/6/1980,-0.2
29,SON,10,1980,10/16/1980,-1.4
30,SON,10,1980,10/26/1980,-0.6
31,SON,11,1980,11/5/1980,-0.4
32,SON,11,1980,11/15/1980,0
33,SON,11,1980,11/25/1980,-0.1
34,DJF,12,1980,12/5/1980,-0.6
35,DJF,12,1980,12/15/1980,0.7
36,DJF,12,1980,12/25/1980,0.9
37,DJF,1,1981,1/4/1981,0.4
38,DJF,1,1981,1/14/1981,0.1
39,DJF,1,1981,1/24/1981,0.2
40,DJF,2,1981,2/3/1981,0.6
41,DJF,2,1981,2/13/1981,1.4
42,DJF,2,1981,2/23/1981,-0.2
43,MAM,3,1981,3/5/1981,-0.6
44,MAM,3,1981,3/15/1981,-0.6
45,MAM,3,1981,3/25/1981,-0.1
46,MAM,4,1981,4/4/1981,0.4
47,MAM,4,1981,4/14/1981,0.5
48,MAM,4,1981,4/24/1981,-0.7
49,MAM,5,1981,5/4/1981,0.5
50,MAM,5,1981,5/14/1981,0.6
51,MAM,5,1981,5/24/1981,-0.3
52,JJA,6,1981,6/3/1981,-0.5
53,JJA,6,1981,6/13/1981,-0.1
54,JJA,6,1981,6/23/1981,-0.1
55,JJA,7,1981,7/3/1981,0
56,JJA,7,1981,7/13/1981,-0.1
57,JJA,7,1981,7/23/1981,0.3
58,JJA,8,1981,8/2/1981,-0.1
59,JJA,8,1981,8/12/1981,0.3
60,JJA,8,1981,8/22/1981,-0.1
61,SON,9,1981,9/1/1981,0.4
62,SON,9,1981,9/11/1981,-1.2
63,SON,9,1981,9/21/1981,-0.5
64,SON,10,1981,10/1/1981,-1.8
65,SON,10,1981,10/11/1981,-1
66,SON,10,1981,10/21/1981,0.5
67,SON,10,1981,10/31/1981,-0.2
68,SON,11,1981,11/10/1981,0.1
69,SON,11,1981,11/20/1981,-0.2
70,SON,11,1981,11/30/1981,-0.5
71,DJF,12,1981,12/10/1981,0.5
72,DJF,12,1981,12/20/1981,0.1
73,DJF,12,1981,12/30/1981,-1.1
74,DJF,1,1982,1/9/1982,-0.9
75,DJF,1,1982,1/19/1982,-0.3
76,DJF,1,1982,1/29/1982,0.3
77,DJF,2,1982,2/8/1982,1.1
78,DJF,2,1982,2/18/1982,0.5
79,DJF,2,1982,2/28/1982,0.7
80,MAM,3,1982,3/10/1982,1.2
81,MAM,3,1982,3/20/1982,0.3
82,MAM,3,1982,3/30/1982,0.2
83,MAM,4,1982,4/9/1982,-0.6
84,MAM,4,1982,4/19/1982,0.5
85,MAM,4,1982,4/29/1982,0.6
86,MAM,5,1982,5/9/1982,-0.4
87,MAM,5,1982,5/19/1982,-0.2
88,MAM,5,1982,5/29/1982,0.1
89,JJA,6,1982,6/8/1982,-1.2
90,JJA,6,1982,6/18/1982,-1.2
91,JJA,6,1982,6/28/1982,-0.5
92,JJA,7,1982,7/8/1982,0.4
93,JJA,7,1982,7/18/1982,0.4
94,JJA,7,1982,7/28/1982,0.8
95,JJA,8,1982,8/7/1982,0.1
96,JJA,8,1982,8/17/1982,0.1
97,JJA,8,1982,8/27/1982,0.1
98,SON,9,1982,9/6/1982,0.4
99,SON,9,1982,9/16/1982,1.4
100,SON,9,1982,9/26/1982,0.4
101,SON,10,1982,10/6/1982,-0.3
102,SON,10,1982,10/16/1982,-0.4
103,SON,10,1982,10/26/1982,-0.1
104,SON,11,1982,11/5/1982,0.5
105,SON,11,1982,11/15/1982,1.1
106,SON,11,1982,11/25/1982,0.9
107,DJF,12,1982,12/5/1982,1
108,DJF,12,1982,12/15/1982,1.3
109,DJF,12,1982,12/25/1982,0.7
110,DJF,1,1983,1/4/1983,1.7
111,DJF,1,1983,1/14/1983,0.4
112,DJF,1,1983,1/24/1983,0.7
113,DJF,2,1983,2/3/1983,0
114,DJF,2,1983,2/13/1983,-0.4
115,DJF,2,1983,2/23/1983,0.4
116,MAM,3,1983,3/5/1983,0.9
117,MAM,3,1983,3/15/1983,0.8
118,MAM,3,1983,3/25/1983,0.4
119,MAM,4,1983,4/4/1983,-0.1
120,MAM,4,1983,4/14/1983,-0.4
121,MAM,4,1983,4/24/1983,-0.8
122,MAM,5,1983,5/4/1983,0.5
123,MAM,5,1983,5/14/1983,0
124,MAM,5,1983,5/24/1983,-0.4
125,JJA,6,1983,6/3/1983,-0.4
126,JJA,6,1983,6/13/1983,0.9
127,JJA,6,1983,6/23/1983,0.5
128,JJA,7,1983,7/3/1983,1.1
129,JJA,7,1983,7/13/1983,-0.6
130,JJA,7,1983,7/23/1983,1
131,JJA,8,1983,8/2/1983,1.6
132,JJA,8,1983,8/12/1983,0.6
133,JJA,8,1983,8/22/1983,0.5
134,SON,9,1983,9/1/1983,0.3
135,SON,9,1983,9/11/1983,-1.1
136,SON,9,1983,9/21/1983,-0.2
137,SON,10,1983,10/1/1983,-0.3
138,SON,10,1983,10/11/1983,0.2
139,SON,10,1983,10/21/1983,0.3
140,SON,10,1983,10/31/1983,0.5
141,SON,11,1983,11/10/1983,-0.5
142,SON,11,1983,11/20/1983,-0.9
143,SON,11,1983,11/30/1983,-0.1
144,DJF,12,1983,12/10/1983,0.2
145,DJF,12,1983,12/20/1983,-0.7
146,DJF,12,1983,12/30/1983,1.3
147,DJF,1,1984,1/9/1984,1.1
148,DJF,1,1984,1/19/1984,0.9
149,DJF,1,1984,1/29/1984,0.7
150,DJF,2,1984,2/8/1984,0.9
151,DJF,2,1984,2/18/1984,0.4
152,DJF,2,1984,2/28/1984,-0.1
153,MAM,3,1984,3/9/1984,0.2
154,MAM,3,1984,3/19/1984,0.3
155,MAM,3,1984,3/29/1984,-0.7
156,MAM,4,1984,4/8/1984,-0.1
157,MAM,4,1984,4/18/1984,0.2
158,MAM,4,1984,4/28/1984,-0.4
159,MAM,5,1984,5/8/1984,-0.4
160,MAM,5,1984,5/18/1984,0.5
161,MAM,5,1984,5/28/1984,0.7
162,JJA,6,1984,6/7/1984,-1
163,JJA,6,1984,6/17/1984,0.6
164,JJA,6,1984,6/27/1984,-0.3
165,JJA,7,1984,7/7/1984,-0.3
166,JJA,7,1984,7/17/1984,0
167,JJA,7,1984,7/27/1984,0.6
168,JJA,8,1984,8/6/1984,1.2
169,JJA,8,1984,8/16/1984,0.9
170,JJA,8,1984,8/26/1984,-0.3
171,SON,9,1984,9/5/1984,0
172,SON,9,1984,9/15/1984,0.4
173,SON,9,1984,9/25/1984,-0.1
174,SON,10,1984,10/5/1984,0
175,SON,10,1984,10/15/1984,-0.7
176,SON,10,1984,10/25/1984,0.7
177,SON,11,1984,11/4/1984,0.2
178,SON,11,1984,11/14/1984,-0.3
179,SON,11,1984,11/24/1984,0.1
180,DJF,12,1984,12/4/1984,-0.3
181,DJF,12,1984,12/14/1984,0.2
182,DJF,12,1984,12/24/1984,0.6
183,DJF,1,1985,1/3/1985,-1
184,DJF,1,1985,1/13/1985,-0.9
185,DJF,1,1985,1/23/1985,-0.7
186,DJF,2,1985,2/2/1985,-0.7
187,DJF,2,1985,2/12/1985,-0.4
188,DJF,2,1985,2/22/1985,0.8
189,MAM,3,1985,3/4/1985,0.8
190,MAM,3,1985,3/14/1985,0.4
191,MAM,3,1985,3/24/1985,-0.5
192,MAM,4,1985,4/3/1985,-0.3
193,MAM,4,1985,4/13/1985,0.9
194,MAM,4,1985,4/23/1985,-0.5
195,MAM,5,1985,5/3/1985,0.6
196,MAM,5,1985,5/13/1985,0
197,MAM,5,1985,5/23/1985,-0.9
198,JJA,6,1985,6/2/1985,-0.4
199,JJA,6,1985,6/12/1985,-0.1
200,JJA,6,1985,6/22/1985,-0.6
201,JJA,7,1985,7/2/1985,0.4
202,JJA,7,1985,7/12/1985,0.7
203,JJA,7,1985,7/22/1985,0
204,JJA,8,1985,8/1/1985,0.6
205,JJA,8,1985,8/11/1985,-0.5
206,JJA,8,1985,8/21/1985,-0.5
207,JJA,8,1985,8/31/1985,-0.6
208,SON,9,1985,9/10/1985,-0.4
209,SON,9,1985,9/20/1985,-0.1
210,SON,9,1985,9/30/1985,0.1
211,SON,10,1985,10/10/1985,0.7
212,SON,10,1985,10/20/1985,0.6
213,SON,10,1985,10/30/1985,-1.1
214,SON,11,1985,11/9/1985,0.2
215,SON,11,1985,11/19/1985,0.4
216,SON,11,1985,11/29/1985,-0.7
217,DJF,12,1985,12/9/1985,0.2
218,DJF,12,1985,12/19/1985,0.1
219,DJF,12,1985,12/29/1985,-0.3
220,DJF,1,1986,1/8/1986,0.2
221,DJF,1,1986,1/18/1986,0.9
222,DJF,1,1986,1/28/1986,0.8
223,DJF,2,1986,2/7/1986,-0.6
224,DJF,2,1986,2/17/1986,0
225,DJF,2,1986,2/27/1986,-0.3
226,MAM,3,1986,3/9/1986,0.9
227,MAM,3,1986,3/19/1986,1.4
228,MAM,3,1986,3/29/1986,1.1
229,MAM,4,1986,4/8/1986,-0.9
230,MAM,4,1986,4/18/1986,0
231,MAM,4,1986,4/28/1986,-0.2
232,MAM,5,1986,5/8/1986,0
233,MAM,5,1986,5/18/1986,0.8
234,MAM,5,1986,5/28/1986,0.7
235,JJA,6,1986,6/7/1986,0.6
236,JJA,6,1986,6/17/1986,0.8
237,JJA,6,1986,6/27/1986,-0.1
238,JJA,7,1986,7/7/1986,-0.5
239,JJA,7,1986,7/17/1986,0.4
240,JJA,7,1986,7/27/1986,0.6
241,JJA,8,1986,8/6/1986,0.3
242,JJA,8,1986,8/16/1986,-0.9
243,JJA,8,1986,8/26/1986,-0.9
244,SON,9,1986,9/5/1986,-0.8
245,SON,9,1986,9/15/1986,-0.9
246,SON,9,1986,9/25/1986,-0.1
247,SON,10,1986,10/5/1986,0.9
248,SON,10,1986,10/15/1986,1
249,SON,10,1986,10/25/1986,0.5
250,SON,11,1986,11/4/1986,1.2
251,SON,11,1986,11/14/1986,1.3
252,SON,11,1986,11/24/1986,1.1
253,DJF,12,1986,12/4/1986,0.6
254,DJF,12,1986,12/14/1986,0.5
255,DJF,12,1986,12/24/1986,0.4
256,DJF,1,1987,1/3/1987,0.1
257,DJF,1,1987,1/13/1987,-0.8
258,DJF,1,1987,1/23/1987,-0.7
259,DJF,2,1987,2/2/1987,0.1
260,DJF,2,1987,2/12/1987,0.4
261,DJF,2,1987,2/22/1987,-1.1
262,MAM,3,1987,3/4/1987,0.4
263,MAM,3,1987,3/14/1987,0.1
264,MAM,3,1987,3/24/1987,0
265,MAM,4,1987,4/3/1987,0.2
266,MAM,4,1987,4/13/1987,0.7
267,MAM,4,1987,4/23/1987,1.8
268,MAM,5,1987,5/3/1987,0.9
269,MAM,5,1987,5/13/1987,0.8
270,MAM,5,1987,5/23/1987,0.2
271,JJA,6,1987,6/2/1987,-0.5
272,JJA,6,1987,6/12/1987,-0.9
273,JJA,6,1987,6/22/1987,-1.1
274,JJA,7,1987,7/2/1987,0.1
275,JJA,7,1987,7/12/1987,0.1
276,JJA,7,1987,7/22/1987,0
277,JJA,8,1987,8/1/1987,0.6
278,JJA,8,1987,8/11/1987,-1.4
279,JJA,8,1987,8/21/1987,0
280,JJA,8,1987,8/31/1987,0.5
281,SON,9,1987,9/10/1987,-0.8
282,SON,9,1987,9/20/1987,-0.9
283,SON,9,1987,9/30/1987,0.3
284,SON,10,1987,10/10/1987,-0.1
285,SON,10,1987,10/20/1987,-0.2
286,SON,10,1987,10/30/1987,0.4
287,SON,11,1987,11/9/1987,0.2
288,SON,11,1987,11/19/1987,-0.1
289,SON,11,1987,11/29/1987,-0.6
290,DJF,12,1987,12/9/1987,-0.5
291,DJF,12,1987,12/19/1987,0.3
292,DJF,12,1987,12/29/1987,0.5
293,DJF,1,1988,1/8/1988,0.5
294,DJF,1,1988,1/18/1988,0.5
295,DJF,1,1988,1/28/1988,0.6
296,DJF,2,1988,2/7/1988,1
297,DJF,2,1988,2/17/1988,0.4
298,DJF,2,1988,2/27/1988,0.1
299,MAM,3,1988,3/8/1988,0
300,MAM,3,1988,3/18/1988,0.1
301,MAM,3,1988,3/28/1988,0.2
302,MAM,4,1988,4/7/1988,-0.2
303,MAM,4,1988,4/17/1988,-1.5
304,MAM,4,1988,4/27/1988,-0.2
305,MAM,5,1988,5/7/1988,1.2
306,MAM,5,1988,5/17/1988,-0.1
307,MAM,5,1988,5/27/1988,-0.4
308,JJA,6,1988,6/6/1988,-0.2
309,JJA,6,1988,6/16/1988,1.4
310,JJA,6,1988,6/26/1988,0.4
311,JJA,7,1988,7/6/1988,-0.2
312,JJA,7,1988,7/16/1988,0.3
313,JJA,7,1988,7/26/1988,-0.4
314,JJA,8,1988,8/5/1988,0.7
315,JJA,8,1988,8/15/1988,-0.6
316,JJA,8,1988,8/25/1988,-0.1
317,SON,9,1988,9/4/1988,-0.5
318,SON,9,1988,9/14/1988,-0.3
319,SON,9,1988,9/24/1988,-0.6
320,SON,10,1988,10/4/1988,-0.1
321,SON,10,1988,10/14/1988,0.2
322,SON,10,1988,10/24/1988,-1.4
323,SON,11,1988,11/3/1988,-0.4
324,SON,11,1988,11/13/1988,0.5
325,SON,11,1988,11/23/1988,-1
326,DJF,12,1988,12/3/1988,0.4
327,DJF,12,1988,12/13/1988,-0.1
328,DJF,12,1988,12/23/1988,0.7
329,DJF,1,1989,1/2/1989,0.1
330,DJF,1,1989,1/12/1989,0.6
331,DJF,1,1989,1/22/1989,0.5
332,DJF,2,1989,2/1/1989,1.2
333,DJF,2,1989,2/11/1989,1.4
334,DJF,2,1989,2/21/1989,1.1
335,MAM,3,1989,3/3/1989,0.5
336,MAM,3,1989,3/13/1989,1.5
337,MAM,3,1989,3/23/1989,1
338,MAM,4,1989,4/2/1989,0.5
339,MAM,4,1989,4/12/1989,0.6
340,MAM,4,1989,4/22/1989,-0.6
341,MAM,5,1989,5/2/1989,1.4
342,MAM,5,1989,5/12/1989,0.9
343,MAM,5,1989,5/22/1989,0.6
344,JJA,6,1989,6/1/1989,-0.7
345,JJA,6,1989,6/11/1989,-0.2
346,JJA,6,1989,6/21/1989,0
347,JJA,7,1989,7/1/1989,0.8
348,JJA,7,1989,7/11/1989,0.7
349,JJA,7,1989,7/21/1989,0
350,JJA,7,1989,7/31/1989,-0.3
351,JJA,8,1989,8/10/1989,0.2
352,JJA,8,1989,8/20/1989,0.2
353,JJA,8,1989,8/30/1989,-0.1
354,SON,9,1989,9/9/1989,0.6
355,SON,9,1989,9/19/1989,1.3
356,SON,9,1989,9/29/1989,0.7
357,SON,10,1989,10/9/1989,-0.1
358,SON,10,1989,10/19/1989,-0.2
359,SON,10,1989,10/29/1989,0.7
360,SON,11,1989,11/8/1989,0.3
361,SON,11,1989,11/18/1989,-0.1
362,SON,11,1989,11/28/1989,-0.9
363,DJF,12,1989,12/8/1989,-1.4
364,DJF,12,1989,12/18/1989,0
365,DJF,12,1989,12/28/1989,-0.2
366,DJF,1,1990,1/7/1990,0.5
367,DJF,1,1990,1/17/1990,0.7
368,DJF,1,1990,1/27/1990,0.7
369,DJF,2,1990,2/6/1990,0.8
370,DJF,2,1990,2/16/1990,0.8
371,DJF,2,1990,2/26/1990,1.1
372,MAM,3,1990,3/8/1990,0.3
373,MAM,3,1990,3/18/1990,1.4
374,MAM,3,1990,3/28/1990,0.8
375,MAM,4,1990,4/7/1990,0.4
376,MAM,4,1990,4/17/1990,1.8
377,MAM,4,1990,4/27/1990,0.9
378,MAM,5,1990,5/7/1990,-0.4
379,MAM,5,1990,5/17/1990,-1
380,MAM,5,1990,5/27/1990,-0.9
381,JJA,6,1990,6/6/1990,0.7
382,JJA,6,1990,6/16/1990,-0.1
383,JJA,6,1990,6/26/1990,-0.7
384,JJA,7,1990,7/6/1990,0.4
385,JJA,7,1990,7/16/1990,0.3
386,JJA,7,1990,7/26/1990,0.1
387,JJA,8,1990,8/5/1990,0.1
388,JJA,8,1990,8/15/1990,0.7
389,JJA,8,1990,8/25/1990,0.4
390,SON,9,1990,9/4/1990,1.2
391,SON,9,1990,9/14/1990,1
392,SON,9,1990,9/24/1990,-0.4
393,SON,10,1990,10/4/1990,0.6
394,SON,10,1990,10/14/1990,0.1
395,SON,10,1990,10/24/1990,-0.4
396,SON,11,1990,11/3/1990,-0.7
397,SON,11,1990,11/13/1990,0.3
398,SON,11,1990,11/23/1990,-0.3
399,DJF,12,1990,12/3/1990,-0.3
400,DJF,12,1990,12/13/1990,-0.5
401,DJF,12,1990,12/23/1990,0.9
402,DJF,1,1991,1/2/1991,1.4
403,DJF,1,1991,1/12/1991,0.3
404,DJF,1,1991,1/22/1991,0.2
405,DJF,2,1991,2/1/1991,1
406,DJF,2,1991,2/11/1991,0.3
407,DJF,2,1991,2/21/1991,0.8
408,MAM,3,1991,3/3/1991,0.6
409,MAM,3,1991,3/13/1991,-0.4
410,MAM,3,1991,3/23/1991,0.3
411,MAM,4,1991,4/2/1991,0.7
412,MAM,4,1991,4/12/1991,0
413,MAM,4,1991,4/22/1991,-0.6
414,MAM,5,1991,5/2/1991,-1
415,MAM,5,1991,5/12/1991,0.3
416,MAM,5,1991,5/22/1991,1
417,JJA,6,1991,6/1/1991,-0.9
418,JJA,6,1991,6/11/1991,-0.6
419,JJA,6,1991,6/21/1991,0.1
420,JJA,7,1991,7/1/1991,0.6
421,JJA,7,1991,7/11/1991,-0.3
422,JJA,7,1991,7/21/1991,-0.5
423,JJA,7,1991,7/31/1991,-0.4
424,JJA,8,1991,8/10/1991,0
425,JJA,8,1991,8/20/1991,1.5
426,JJA,8,1991,8/30/1991,1.3
427,SON,9,1991,9/9/1991,0.1
428,SON,9,1991,9/19/1991,0.5
429,SON,9,1991,9/29/1991,-0.2
430,SON,10,1991,10/9/1991,0
431,SON,10,1991,10/19/1991,-0.4
432,SON,10,1991,10/29/1991,-0.3
433,SON,11,1991,11/8/1991,0.2
434,SON,11,1991,11/18/1991,-0.1
435,SON,11,1991,11/28/1991,0.4
436,DJF,12,1991,12/8/1991,-0.1
437,DJF,12,1991,12/18/1991,1
438,DJF,12,1991,12/28/1991,0.7
439,DJF,1,1992,1/7/1992,-0.1
440,DJF,1,1992,1/17/1992,-0.5
441,DJF,1,1992,1/27/1992,0.4
442,DJF,2,1992,2/6/1992,0.2
443,DJF,2,1992,2/16/1992,0.9
444,DJF,2,1992,2/26/1992,1.4
445,MAM,3,1992,3/7/1992,0.9
446,MAM,3,1992,3/17/1992,0.6
447,MAM,3,1992,3/27/1992,-0.1
448,MAM,4,1992,4/6/1992,0.3
449,MAM,4,1992,4/16/1992,1.2
450,MAM,4,1992,4/26/1992,1.4
451,MAM,5,1992,5/6/1992,1.8
452,MAM,5,1992,5/16/1992,1.5
453,MAM,5,1992,5/26/1992,0.6
454,JJA,6,1992,6/5/1992,0.5
455,JJA,6,1992,6/15/1992,0.7
456,JJA,6,1992,6/25/1992,-1.2
457,JJA,7,1992,7/5/1992,-0.1
458,JJA,7,1992,7/15/1992,0.2
459,JJA,7,1992,7/25/1992,0.2
460,JJA,8,1992,8/4/1992,1.1
461,JJA,8,1992,8/14/1992,0.2
462,JJA,8,1992,8/24/1992,0.1
463,SON,9,1992,9/3/1992,-0.6
464,SON,9,1992,9/13/1992,-0.1
465,SON,9,1992,9/23/1992,0.3
466,SON,10,1992,10/3/1992,-0.6
467,SON,10,1992,10/13/1992,-1.5
468,SON,10,1992,10/23/1992,-0.7
469,SON,11,1992,11/2/1992,-0.2
470,SON,11,1992,11/12/1992,0.8
471,SON,11,1992,11/22/1992,0.6
472,DJF,12,1992,12/2/1992,0.7
473,DJF,12,1992,12/12/1992,0.4
474,DJF,12,1992,12/22/1992,-0.1
475,DJF,1,1993,1/1/1993,0.7
476,DJF,1,1993,1/11/1993,1.1
477,DJF,1,1993,1/21/1993,0.5
478,DJF,1,1993,1/31/1993,0.9
479,DJF,2,1993,2/10/1993,0.5
480,DJF,2,1993,2/20/1993,0.4
481,MAM,3,1993,3/2/1993,0
482,MAM,3,1993,3/12/1993,0.5
483,MAM,3,1993,3/22/1993,1
484,MAM,4,1993,4/1/1993,-0.1
485,MAM,4,1993,4/11/1993,-0.3
486,MAM,4,1993,4/21/1993,1.3
487,MAM,5,1993,5/1/1993,1.6
488,MAM,5,1993,5/11/1993,-0.7
489,MAM,5,1993,5/21/1993,-0.6
490,MAM,5,1993,5/31/1993,-0.7
491,JJA,6,1993,6/10/1993,-0.7
492,JJA,6,1993,6/20/1993,0
493,JJA,6,1993,6/30/1993,0.1
494,JJA,7,1993,7/10/1993,-1.9
495,JJA,7,1993,7/20/1993,-1.7
496,JJA,7,1993,7/30/1993,-0.8
497,JJA,8,1993,8/9/1993,0.2
498,JJA,8,1993,8/19/1993,0.1
499,JJA,8,1993,8/29/1993,-0.2
500,SON,9,1993,9/8/1993,-0.5
501,SON,9,1993,9/18/1993,-0.3
502,SON,9,1993,9/28/1993,0.5
503,SON,10,1993,10/8/1993,-1.1
504,SON,10,1993,10/18/1993,-0.3
505,SON,10,1993,10/28/1993,0.3
506,SON,11,1993,11/7/1993,1.7
507,SON,11,1993,11/17/1993,1.3
508,SON,11,1993,11/27/1993,1
509,DJF,12,1993,12/7/1993,1.3
510,DJF,12,1993,12/17/1993,1.1
511,DJF,12,1993,12/27/1993,-0.2
512,DJF,1,1994,1/6/1994,0.2
513,DJF,1,1994,1/16/1994,0.6
514,DJF,1,1994,1/26/1994,0.8
515,DJF,2,1994,2/5/1994,0.6
516,DJF,2,1994,2/15/1994,0.5
517,DJF,2,1994,2/25/1994,0.1
518,MAM,3,1994,3/7/1994,1.2
519,MAM,3,1994,3/17/1994,0.5
520,MAM,3,1994,3/27/1994,0.9
521,MAM,4,1994,4/6/1994,1.1
522,MAM,4,1994,4/16/1994,0.3
523,MAM,4,1994,4/26/1994,-0.4
524,MAM,5,1994,5/6/1994,0.5
525,MAM,5,1994,5/16/1994,-0.7
526,MAM,5,1994,5/26/1994,-0.4
527,JJA,6,1994,6/5/1994,0.3
528,JJA,6,1994,6/15/1994,1
529,JJA,6,1994,6/25/1994,1
530,JJA,7,1994,7/5/1994,-0.4
531,JJA,7,1994,7/15/1994,1.2
532,JJA,7,1994,7/25/1994,1
533,JJA,8,1994,8/4/1994,1.1
534,JJA,8,1994,8/14/1994,0.1
535,JJA,8,1994,8/24/1994,-0.5
536,SON,9,1994,9/3/1994,-0.3
537,SON,9,1994,9/13/1994,-1.2
538,SON,9,1994,9/23/1994,-0.2
539,SON,10,1994,10/3/1994,-0.5
540,SON,10,1994,10/13/1994,-0.3
541,SON,10,1994,10/23/1994,-0.9
542,SON,11,1994,11/2/1994,-0.1
543,SON,11,1994,11/12/1994,-0.3
544,SON,11,1994,11/22/1994,0.8
545,DJF,12,1994,12/2/1994,1.1
546,DJF,12,1994,12/12/1994,1.2
547,DJF,12,1994,12/22/1994,0.7
548,DJF,1,1995,1/1/1995,0.4
549,DJF,1,1995,1/11/1995,1
550,DJF,1,1995,1/21/1995,0.3
551,DJF,1,1995,1/31/1995,0.4
552,DJF,2,1995,2/10/1995,0.2
553,DJF,2,1995,2/20/1995,1.4
554,MAM,3,1995,3/2/1995,1.2
555,MAM,3,1995,3/12/1995,1.1
556,MAM,3,1995,3/22/1995,0.2
557,MAM,4,1995,4/1/1995,0.6
558,MAM,4,1995,4/11/1995,0.4
559,MAM,4,1995,4/21/1995,-1.4
560,MAM,5,1995,5/1/1995,-0.8
561,MAM,5,1995,5/11/1995,-1.3
562,MAM,5,1995,5/21/1995,-0.3
563,MAM,5,1995,5/31/1995,-0.6
564,JJA,6,1995,6/10/1995,-0.2
565,JJA,6,1995,6/20/1995,0.6
566,JJA,6,1995,6/30/1995,-0.4
567,JJA,7,1995,7/10/1995,-0.1
568,JJA,7,1995,7/20/1995,0.1
569,JJA,7,1995,7/30/1995,0.5
570,JJA,8,1995,8/9/1995,0.1
571,JJA,8,1995,8/19/1995,0.6
572,JJA,8,1995,8/29/1995,-0.1
573,SON,9,1995,9/8/1995,-0.5
574,SON,9,1995,9/18/1995,0.5
575,SON,9,1995,9/28/1995,0.7
576,SON,10,1995,10/8/1995,0.3
577,SON,10,1995,10/18/1995,0.3
578,SON,10,1995,10/28/1995,-0.6
579,SON,11,1995,11/7/1995,-0.6
580,SON,11,1995,11/17/1995,-1
581,SON,11,1995,11/27/1995,-0.6
582,DJF,12,1995,12/7/1995,-1.1
583,DJF,12,1995,12/17/1995,-1
584,DJF,12,1995,12/27/1995,-0.9
585,DJF,1,1996,1/6/1996,-0.6
586,DJF,1,1996,1/16/1996,0.9
587,DJF,1,1996,1/26/1996,-0.4
588,DJF,2,1996,2/5/1996,0.2
589,DJF,2,1996,2/15/1996,0.2
590,DJF,2,1996,2/25/1996,0
591,MAM,3,1996,3/6/1996,0.4
592,MAM,3,1996,3/16/1996,0
593,MAM,3,1996,3/26/1996,-0.4
594,MAM,4,1996,4/5/1996,-0.2
595,MAM,4,1996,4/15/1996,0
596,MAM,4,1996,4/25/1996,-0.1
597,MAM,5,1996,5/5/1996,-0.5
598,MAM,5,1996,5/15/1996,-0.5
599,MAM,5,1996,5/25/1996,-0.3
600,JJA,6,1996,6/4/1996,1
601,JJA,6,1996,6/14/1996,0.2
602,JJA,6,1996,6/24/1996,-0.2
603,JJA,7,1996,7/4/1996,-0.2
604,JJA,7,1996,7/14/1996,0.2
605,JJA,7,1996,7/24/1996,0.4
606,JJA,8,1996,8/3/1996,0.9
607,JJA,8,1996,8/13/1996,0.4
608,JJA,8,1996,8/23/1996,0.2
609,SON,9,1996,9/2/1996,0.6
610,SON,9,1996,9/12/1996,-0.4
611,SON,9,1996,9/22/1996,-1.2
612,SON,10,1996,10/2/1996,0.7
613,SON,10,1996,10/12/1996,-0.1
614,SON,10,1996,10/22/1996,-0.9
615,SON,11,1996,11/1/1996,0
616,SON,11,1996,11/11/1996,0.2
617,SON,11,1996,11/21/1996,-0.9
618,DJF,12,1996,12/1/1996,0
619,DJF,12,1996,12/11/1996,-0.7
620,DJF,12,1996,12/21/1996,-1
621,DJF,12,1996,12/31/1996,-1.2
622,DJF,1,1997,1/10/1997,-1.2
623,DJF,1,1997,1/20/1997,0.5
624,DJF,1,1997,1/30/1997,0.6
625,DJF,2,1997,2/9/1997,1
626,DJF,2,1997,2/19/1997,1.3
627,MAM,3,1997,3/1/1997,1.4
628,MAM,3,1997,3/11/1997,0.8
629,MAM,3,1997,3/21/1997,0.6
630,MAM,3,1997,3/31/1997,0.6
631,MAM,4,1997,4/10/1997,-0.2
632,MAM,4,1997,4/20/1997,-1.3
633,MAM,4,1997,4/30/1997,0.1
634,MAM,5,1997,5/10/1997,0
635,MAM,5,1997,5/20/1997,-0.7
636,MAM,5,1997,5/30/1997,0.4
637,JJA,6,1997,6/9/1997,-1
638,JJA,6,1997,6/19/1997,-0.7
639,JJA,6,1997,6/29/1997,0
640,JJA,7,1997,7/9/1997,0.2
641,JJA,7,1997,7/19/1997,-0.2
642,JJA,7,1997,7/29/1997,0.7
643,JJA,8,1997,8/8/1997,0.9
644,JJA,8,1997,8/18/1997,-0.4
645,JJA,8,1997,8/28/1997,0.6
646,SON,9,1997,9/7/1997,0.1
647,SON,9,1997,9/17/1997,0.2
648,SON,9,1997,9/27/1997,0.6
649,SON,10,1997,10/7/1997,-0.6
650,SON,10,1997,10/17/1997,-0.8
651,SON,10,1997,10/27/1997,-0.8
652,SON,11,1997,11/6/1997,-0.5
653,SON,11,1997,11/16/1997,-0.1
654,SON,11,1997,11/26/1997,-1.2
655,DJF,12,1997,12/6/1997,-0.1
656,DJF,12,1997,12/16/1997,-1.1
657,DJF,12,1997,12/26/1997,-0.2
658,DJF,1,1998,1/5/1998,0.7
659,DJF,1,1998,1/15/1998,0.3
660,DJF,1,1998,1/25/1998,-0.1
661,DJF,2,1998,2/4/1998,0
662,DJF,2,1998,2/14/1998,0.4
663,DJF,2,1998,2/24/1998,-0.1
664,MAM,3,1998,3/6/1998,0.3
665,MAM,3,1998,3/16/1998,0.7
666,MAM,3,1998,3/26/1998,1
667,MAM,4,1998,4/5/1998,-0.9
668,MAM,4,1998,4/15/1998,-0.4
669,MAM,4,1998,4/25/1998,0.4
670,MAM,5,1998,5/5/1998,-0.3
671,MAM,5,1998,5/15/1998,-0.5
672,MAM,5,1998,5/25/1998,-0.8
673,JJA,6,1998,6/4/1998,-1.6
674,JJA,6,1998,6/14/1998,-1.4
675,JJA,6,1998,6/24/1998,-1.2
676,JJA,7,1998,7/4/1998,0
677,JJA,7,1998,7/14/1998,-0.1
678,JJA,7,1998,7/24/1998,-0.8
679,JJA,8,1998,8/3/1998,0.4
680,JJA,8,1998,8/13/1998,0.3
681,JJA,8,1998,8/23/1998,-0.5
682,SON,9,1998,9/2/1998,-1.1
683,SON,9,1998,9/12/1998,-0.6
684,SON,9,1998,9/22/1998,-0.8
685,SON,10,1998,10/2/1998,-0.8
686,SON,10,1998,10/12/1998,0.2
687,SON,10,1998,10/22/1998,0.2
688,SON,11,1998,11/1/1998,-1.4
689,SON,11,1998,11/11/1998,0.1
690,SON,11,1998,11/21/1998,0.3
691,DJF,12,1998,12/1/1998,0.1
692,DJF,12,1998,12/11/1998,0.9
693,DJF,12,1998,12/21/1998,0.4
694,DJF,12,1998,12/31/1998,0
695,DJF,1,1999,1/10/1999,0.4
696,DJF,1,1999,1/20/1999,0.6
697,DJF,1,1999,1/30/1999,0.1
698,DJF,2,1999,2/9/1999,0
699,DJF,2,1999,2/19/1999,0.5
700,MAM,3,1999,3/1/1999,0.7
701,MAM,3,1999,3/11/1999,-0.3
702,MAM,3,1999,3/21/1999,0.6
703,MAM,3,1999,3/31/1999,-0.3
704,MAM,4,1999,4/10/1999,-0.1
705,MAM,4,1999,4/20/1999,-0.4
706,MAM,4,1999,4/30/1999,-0.3
707,MAM,5,1999,5/10/1999,0
708,MAM,5,1999,5/20/1999,1
709,MAM,5,1999,5/30/1999,0.2
710,JJA,6,1999,6/9/1999,0.4
711,JJA,6,1999,6/19/1999,1
712,JJA,6,1999,6/29/1999,-0.5
713,JJA,7,1999,7/9/1999,0
714,JJA,7,1999,7/19/1999,0.1
715,JJA,7,1999,7/29/1999,-0.6
716,JJA,8,1999,8/8/1999,-0.8
717,JJA,8,1999,8/18/1999,0.3
718,JJA,8,1999,8/28/1999,1.6
719,SON,9,1999,9/7/1999,0.6
720,SON,9,1999,9/17/1999,-0.2
721,SON,9,1999,9/27/1999,-0.4
722,SON,10,1999,10/7/1999,0.3
723,SON,10,1999,10/17/1999,-0.1
724,SON,10,1999,10/27/1999,0
725,SON,11,1999,11/6/1999,0.4
726,SON,11,1999,11/16/1999,0.1
727,SON,11,1999,11/26/1999,1
728,DJF,12,1999,12/6/1999,1.6
729,DJF,12,1999,12/16/1999,0.2
730,DJF,12,1999,12/26/1999,0.6
731,DJF,1,2000,1/5/2000,1.2
732,DJF,1,2000,1/15/2000,0
733,DJF,1,2000,1/25/2000,-0.3
734,DJF,2,2000,2/4/2000,0.9
735,DJF,2,2000,2/14/2000,1.3
736,DJF,2,2000,2/24/2000,1
737,MAM,3,2000,3/5/2000,0.7
738,MAM,3,2000,3/15/2000,1.1
739,MAM,3,2000,3/25/2000,-0.3
740,MAM,4,2000,4/4/2000,0
741,MAM,4,2000,4/14/2000,-0.4
742,MAM,4,2000,4/24/2000,0
743,MAM,5,2000,5/4/2000,0.9
744,MAM,5,2000,5/14/2000,0.6
745,MAM,5,2000,5/24/2000,0.6
746,JJA,6,2000,6/3/2000,0.6
747,JJA,6,2000,6/13/2000,0.2
748,JJA,6,2000,6/23/2000,-0.8
749,JJA,7,2000,7/3/2000,-1.3
750,JJA,7,2000,7/13/2000,0.2
751,JJA,7,2000,7/23/2000,-0.5
752,JJA,8,2000,8/2/2000,-0.4
753,JJA,8,2000,8/12/2000,-0.1
754,JJA,8,2000,8/22/2000,-0.2
755,SON,9,2000,9/1/2000,-0.1
756,SON,9,2000,9/11/2000,0.2
757,SON,9,2000,9/21/2000,-0.3
758,SON,10,2000,10/1/2000,0.3
759,SON,10,2000,10/11/2000,0.4
760,SON,10,2000,10/21/2000,0.8
761,SON,10,2000,10/31/2000,-0.4
762,SON,11,2000,11/10/2000,-0.4
763,SON,11,2000,11/20/2000,-0.1
764,SON,11,2000,11/30/2000,-0.9
765,DJF,12,2000,12/10/2000,-0.1
766,DJF,12,2000,12/20/2000,-0.7
767,DJF,12,2000,12/30/2000,-0.3
768,DJF,1,2001,1/9/2001,-0.2
769,DJF,1,2001,1/19/2001,0.5
770,DJF,1,2001,1/29/2001,0.2
771,DJF,2,2001,2/8/2001,0.4
772,DJF,2,2001,2/18/2001,0.9
773,DJF,2,2001,2/28/2001,-0.8
774,MAM,3,2001,3/10/2001,-0.2
775,MAM,3,2001,3/20/2001,-0.4
776,MAM,3,2001,3/30/2001,-0.5
777,MAM,4,2001,4/9/2001,-0.5
778,MAM,4,2001,4/19/2001,-0.1
779,MAM,4,2001,4/29/2001,1
780,MAM,5,2001,5/9/2001,0.3
781,MAM,5,2001,5/19/2001,-0.5
782,MAM,5,2001,5/29/2001,-0.1
783,JJA,6,2001,6/8/2001,-0.2
784,JJA,6,2001,6/18/2001,0.1
785,JJA,6,2001,6/28/2001,0.4
786,JJA,7,2001,7/8/2001,0.2
787,JJA,7,2001,7/18/2001,-0.5
788,JJA,7,2001,7/28/2001,-0.4
789,JJA,8,2001,8/7/2001,-0.3
790,JJA,8,2001,8/17/2001,0.5
791,JJA,8,2001,8/27/2001,-0.4
792,SON,9,2001,9/6/2001,-0.4
793,SON,9,2001,9/16/2001,0.1
794,SON,9,2001,9/26/2001,-0.9
795,SON,10,2001,10/6/2001,0.2
796,SON,10,2001,10/16/2001,-0.5
797,SON,10,2001,10/26/2001,-0.1
798,SON,11,2001,11/5/2001,0.1
799,SON,11,2001,11/15/2001,0.1
800,SON,11,2001,11/25/2001,1.2
801,DJF,12,2001,12/5/2001,0.7
802,DJF,12,2001,12/15/2001,-1.2
803,DJF,12,2001,12/25/2001,-0.9
804,DJF,1,2002,1/4/2002,0
805,DJF,1,2002,1/14/2002,0.4
806,DJF,1,2002,1/24/2002,0
807,DJF,2,2002,2/3/2002,0.6
808,DJF,2,2002,2/13/2002,0.8
809,DJF,2,2002,2/23/2002,0.8
810,MAM,3,2002,3/5/2002,0.8
811,MAM,3,2002,3/15/2002,0.1
812,MAM,3,2002,3/25/2002,0.4
813,MAM,4,2002,4/4/2002,0.7
814,MAM,4,2002,4/14/2002,0.8
815,MAM,4,2002,4/24/2002,0.2
816,MAM,5,2002,5/4/2002,-0.4
817,MAM,5,2002,5/14/2002,-0.6
818,MAM,5,2002,5/24/2002,0.5
819,JJA,6,2002,6/3/2002,0.6
820,JJA,6,2002,6/13/2002,-0.5
821,JJA,6,2002,6/23/2002,0.7
822,JJA,7,2002,7/3/2002,0.1
823,JJA,7,2002,7/13/2002,0.4
824,JJA,7,2002,7/23/2002,0.7
825,JJA,8,2002,8/2/2002,-0.4
826,JJA,8,2002,8/12/2002,-0.3
827,JJA,8,2002,8/22/2002,0.6
828,SON,9,2002,9/1/2002,0.8
829,SON,9,2002,9/11/2002,-0.8
830,SON,9,2002,9/21/2002,-0.7
831,SON,10,2002,10/1/2002,0.6
832,SON,10,2002,10/11/2002,-0.6
833,SON,10,2002,10/21/2002,-2.5
834,SON,10,2002,10/31/2002,-0.3
835,SON,11,2002,11/10/2002,-0.4
836,SON,11,2002,11/20/2002,-0.2
837,SON,11,2002,11/30/2002,-0.5
838,DJF,12,2002,12/10/2002,-1.1
839,DJF,12,2002,12/20/2002,-0.3
840,DJF,12,2002,12/30/2002,-0.1
841,DJF,1,2003,1/9/2003,-0.5
842,DJF,1,2003,1/19/2003,0.3
843,DJF,1,2003,1/29/2003,0.6
844,DJF,2,2003,2/8/2003,0.8
845,DJF,2,2003,2/18/2003,0.5
846,DJF,2,2003,2/28/2003,0
847,MAM,3,2003,3/10/2003,0.5
848,MAM,3,2003,3/20/2003,0.3
849,MAM,3,2003,3/30/2003,0.4
850,MAM,4,2003,4/9/2003,0.4
851,MAM,4,2003,4/19/2003,-0.5
852,MAM,4,2003,4/29/2003,-0.5
853,MAM,5,2003,5/9/2003,0.6
854,MAM,5,2003,5/19/2003,-0.1
855,MAM,5,2003,5/29/2003,0
856,JJA,6,2003,6/8/2003,-0.2
857,JJA,6,2003,6/18/2003,0.3
858,JJA,6,2003,6/28/2003,-0.6
859,JJA,7,2003,7/8/2003,-0.4
860,JJA,7,2003,7/18/2003,0.5
861,JJA,7,2003,7/28/2003,0.5
862,JJA,8,2003,8/7/2003,0.2
863,JJA,8,2003,8/17/2003,0.8
864,JJA,8,2003,8/27/2003,-1.3
865,SON,9,2003,9/6/2003,0.1
866,SON,9,2003,9/16/2003,0.2
867,SON,9,2003,9/26/2003,-0.3
868,SON,10,2003,10/6/2003,-0.1
869,SON,10,2003,10/16/2003,-1.4
870,SON,10,2003,10/26/2003,-0.5
871,SON,11,2003,11/5/2003,0.9
872,SON,11,2003,11/15/2003,0
873,SON,11,2003,11/25/2003,0.3
874,DJF,12,2003,12/5/2003,0
875,DJF,12,2003,12/15/2003,0.1
876,DJF,12,2003,12/25/2003,0.7
877,DJF,1,2004,1/4/2004,0.4
878,DJF,1,2004,1/14/2004,-0.1
879,DJF,1,2004,1/24/2004,-0.7
880,DJF,2,2004,2/3/2004,-0.4
881,DJF,2,2004,2/13/2004,0.5
882,DJF,2,2004,2/23/2004,-0.1
883,MAM,3,2004,3/4/2004,0.2
884,MAM,3,2004,3/14/2004,0.6
885,MAM,3,2004,3/24/2004,1.4
886,MAM,4,2004,4/3/2004,0.2
887,MAM,4,2004,4/13/2004,0.9
888,MAM,4,2004,4/23/2004,0.4
889,MAM,5,2004,5/3/2004,0.7
890,MAM,5,2004,5/13/2004,0.3
891,MAM,5,2004,5/23/2004,0.1
892,JJA,6,2004,6/2/2004,-0.7
893,JJA,6,2004,6/12/2004,0.3
894,JJA,6,2004,6/22/2004,-1.1
895,JJA,7,2004,7/2/2004,0
896,JJA,7,2004,7/12/2004,0.2
897,JJA,7,2004,7/22/2004,1.3
898,JJA,8,2004,8/1/2004,0.4
899,JJA,8,2004,8/11/2004,-0.7
900,JJA,8,2004,8/21/2004,-0.1
901,JJA,8,2004,8/31/2004,0.2
902,SON,9,2004,9/10/2004,0.4
903,SON,9,2004,9/20/2004,0
904,SON,9,2004,9/30/2004,0
905,SON,10,2004,10/10/2004,-0.2
906,SON,10,2004,10/20/2004,-1.5
907,SON,10,2004,10/30/2004,0.2
908,SON,11,2004,11/9/2004,0.6
909,SON,11,2004,11/19/2004,0
910,SON,11,2004,11/29/2004,0.3
911,DJF,12,2004,12/9/2004,0.4
912,DJF,12,2004,12/19/2004,0.8
913,DJF,12,2004,12/29/2004,1.2
914,DJF,1,2005,1/8/2005,1.3
915,DJF,1,2005,1/18/2005,0.9
916,DJF,1,2005,1/28/2005,-0.1
917,DJF,2,2005,2/7/2005,1
918,DJF,2,2005,2/17/2005,0.2
919,DJF,2,2005,2/27/2005,-1.1
920,MAM,3,2005,3/9/2005,-1
921,MAM,3,2005,3/19/2005,-0.6
922,MAM,3,2005,3/29/2005,-0.3
923,MAM,4,2005,4/8/2005,0.4
924,MAM,4,2005,4/18/2005,-0.1
925,MAM,4,2005,4/28/2005,-0.6
926,MAM,5,2005,5/8/2005,0.7
927,MAM,5,2005,5/18/2005,-1.5
928,MAM,5,2005,5/28/2005,-1.1
929,JJA,6,2005,6/7/2005,-0.3
930,JJA,6,2005,6/17/2005,-0.5
931,JJA,6,2005,6/27/2005,0.9
932,JJA,7,2005,7/7/2005,0.5
933,JJA,7,2005,7/17/2005,-0.4
934,JJA,7,2005,7/27/2005,-0.7
935,JJA,8,2005,8/6/2005,-0.2
936,JJA,8,2005,8/16/2005,0.2
937,JJA,8,2005,8/26/2005,0.3
938,SON,9,2005,9/5/2005,0.3
939,SON,9,2005,9/15/2005,0.4
940,SON,9,2005,9/25/2005,0.1
941,SON,10,2005,10/5/2005,1.2
942,SON,10,2005,10/15/2005,-1
943,SON,10,2005,10/25/2005,-1.5
944,SON,11,2005,11/4/2005,0.2
945,SON,11,2005,11/14/2005,0.2
946,SON,11,2005,11/24/2005,-0.8
947,DJF,12,2005,12/4/2005,-0.6
948,DJF,12,2005,12/14/2005,-0.2
949,DJF,12,2005,12/24/2005,0
950,DJF,1,2006,1/3/2006,0.6
951,DJF,1,2006,1/13/2006,1.3
952,DJF,1,2006,1/23/2006,0.2
953,DJF,2,2006,2/2/2006,-0.2
954,DJF,2,2006,2/12/2006,0.4
955,DJF,2,2006,2/22/2006,-0.5
956,MAM,3,2006,3/4/2006,-0.6
957,MAM,3,2006,3/14/2006,-0.5
958,MAM,3,2006,3/24/2006,-0.8
959,MAM,4,2006,4/3/2006,-0.1
960,MAM,4,2006,4/13/2006,0.6
961,MAM,4,2006,4/23/2006,0.7
962,MAM,5,2006,5/3/2006,0.5
963,MAM,5,2006,5/13/2006,-1.4
964,MAM,5,2006,5/23/2006,-0.4
965,JJA,6,2006,6/2/2006,0.3
966,JJA,6,2006,6/12/2006,0.6
967,JJA,6,2006,6/22/2006,0.7
968,JJA,7,2006,7/2/2006,0.7
969,JJA,7,2006,7/12/2006,1.1
970,JJA,7,2006,7/22/2006,0
971,JJA,8,2006,8/1/2006,-0.8
972,JJA,8,2006,8/11/2006,-1.2
973,JJA,8,2006,8/21/2006,-0.4
974,JJA,8,2006,8/31/2006,-1
975,SON,9,2006,9/10/2006,-0.1
976,SON,9,2006,9/20/2006,-1.2
977,SON,9,2006,9/30/2006,-0.8
978,SON,10,2006,10/10/2006,-0.6
979,SON,10,2006,10/20/2006,-1.9
980,SON,10,2006,10/30/2006,-1
981,SON,11,2006,11/9/2006,0.4
982,SON,11,2006,11/19/2006,0
983,SON,11,2006,11/29/2006,0.7
984,DJF,12,2006,12/9/2006,1.2
985,DJF,12,2006,12/19/2006,0.2
986,DJF,12,2006,12/29/2006,0.4
987,DJF,1,2007,1/8/2007,1
988,DJF,1,2007,1/18/2007,0.1
989,DJF,1,2007,1/28/2007,-0.7
990,DJF,2,2007,2/7/2007,0
991,DJF,2,2007,2/17/2007,-0.1
992,DJF,2,2007,2/27/2007,0
993,MAM,3,2007,3/9/2007,1.1
994,MAM,3,2007,3/19/2007,1.2
995,MAM,3,2007,3/29/2007,0.1
996,MAM,4,2007,4/8/2007,0.1
997,MAM,4,2007,4/18/2007,0
998,MAM,4,2007,4/28/2007,0.1
999,MAM,5,2007,5/8/2007,0.5
1000,MAM,5,2007,5/18/2007,0.8
1001,MAM,5,2007,5/28/2007,-0.3
1002,JJA,6,2007,6/7/2007,-0.7
1003,JJA,6,2007,6/17/2007,-0.5
1004,JJA,6,2007,6/27/2007,-0.7
1005,JJA,7,2007,7/7/2007,-0.8
1006,JJA,7,2007,7/17/2007,-0.1
1007,JJA,7,2007,7/27/2007,0.2
1008,JJA,8,2007,8/6/2007,0.1
1009,JJA,8,2007,8/16/2007,-0.4
1010,JJA,8,2007,8/26/2007,-0.1
1011,SON,9,2007,9/5/2007,0
1012,SON,9,2007,9/15/2007,0.5
1013,SON,9,2007,9/25/2007,0.2
1014,SON,10,2007,10/5/2007,-0.3
1015,SON,10,2007,10/15/2007,-0.4
1016,SON,10,2007,10/25/2007,1
1017,SON,11,2007,11/4/2007,0.6
1018,SON,11,2007,11/14/2007,-0.4
1019,SON,11,2007,11/24/2007,0.8
1020,DJF,12,2007,12/4/2007,1
1021,DJF,12,2007,12/14/2007,-0.6
1022,DJF,12,2007,12/24/2007,0.2
1023,DJF,1,2008,1/3/2008,0.6
1024,DJF,1,2008,1/13/2008,0.2
1025,DJF,1,2008,1/23/2008,0.5
1026,DJF,2,2008,2/2/2008,0.2
1027,DJF,2,2008,2/12/2008,0.3
1028,DJF,2,2008,2/22/2008,1
1029,MAM,3,2008,3/3/2008,0.8
1030,MAM,3,2008,3/13/2008,0.3
1031,MAM,3,2008,3/23/2008,-0.2
1032,MAM,4,2008,4/2/2008,-0.6
1033,MAM,4,2008,4/12/2008,-0.3
1034,MAM,4,2008,4/22/2008,-0.5
1035,MAM,5,2008,5/2/2008,-0.8
1036,MAM,5,2008,5/12/2008,-0.8
1037,MAM,5,2008,5/22/2008,-0.9
1038,JJA,6,2008,6/1/2008,0.2
1039,JJA,6,2008,6/11/2008,-0.8
1040,JJA,6,2008,6/21/2008,-0.9
1041,JJA,7,2008,7/1/2008,-1
1042,JJA,7,2008,7/11/2008,-0.2
1043,JJA,7,2008,7/21/2008,-0.3
1044,JJA,7,2008,7/31/2008,-2.1
1045,JJA,8,2008,8/10/2008,-0.8
1046,JJA,8,2008,8/20/2008,0.7
1047,JJA,8,2008,8/30/2008,-1.1
1048,SON,9,2008,9/9/2008,0.2
1049,SON,9,2008,9/19/2008,1
1050,SON,9,2008,9/29/2008,0
1051,SON,10,2008,10/9/2008,-0.2
1052,SON,10,2008,10/19/2008,0.8
1053,SON,10,2008,10/29/2008,-0.2
1054,SON,11,2008,11/8/2008,0
1055,SON,11,2008,11/18/2008,0.1
1056,SON,11,2008,11/28/2008,-1
1057,DJF,12,2008,12/8/2008,-0.2
1058,DJF,12,2008,12/18/2008,0.4
1059,DJF,12,2008,12/28/2008,-0.9
1060,DJF,1,2009,1/7/2009,-0.6
1061,DJF,1,2009,1/17/2009,0.6
1062,DJF,1,2009,1/27/2009,0.2
1063,DJF,2,2009,2/6/2009,-0.2
1064,DJF,2,2009,2/16/2009,0
1065,DJF,2,2009,2/26/2009,0.8
1066,MAM,3,2009,3/8/2009,0.5
1067,MAM,3,2009,3/18/2009,0.6
1068,MAM,3,2009,3/28/2009,-0.4
1069,MAM,4,2009,4/7/2009,-0.1
1070,MAM,4,2009,4/17/2009,-0.2
1071,MAM,4,2009,4/27/2009,0.5
1072,MAM,5,2009,5/7/2009,1.8
1073,MAM,5,2009,5/17/2009,0.6
1074,MAM,5,2009,5/27/2009,0.3
1075,JJA,6,2009,6/6/2009,-1.3
1076,JJA,6,2009,6/16/2009,-0.2
1077,JJA,6,2009,6/26/2009,-0.4
1078,JJA,7,2009,7/6/2009,-0.7
1079,JJA,7,2009,7/16/2009,-1.3
1080,JJA,7,2009,7/26/2009,-0.9
1081,JJA,8,2009,8/5/2009,-0.5
1082,JJA,8,2009,8/15/2009,0.3
1083,JJA,8,2009,8/25/2009,-0.2
1084,SON,9,2009,9/4/2009,0.5
1085,SON,9,2009,9/14/2009,0.6
1086,SON,9,2009,9/24/2009,1.1
1087,SON,10,2009,10/4/2009,-1
1088,SON,10,2009,10/14/2009,-0.3
1089,SON,10,2009,10/24/2009,-0.3
1090,SON,11,2009,11/3/2009,0.5
1091,SON,11,2009,11/13/2009,-0.2
1092,SON,11,2009,11/23/2009,0
1093,DJF,12,2009,12/3/2009,-0.9
1094,DJF,12,2009,12/13/2009,-1.8
1095,DJF,12,2009,12/23/2009,-1.1
1096,DJF,1,2010,1/2/2010,-1.5
1097,DJF,1,2010,1/12/2010,-0.5
1098,DJF,1,2010,1/22/2010,-0.1
1099,DJF,2,2010,2/1/2010,-0.4
1100,DJF,2,2010,2/11/2010,-1.2
1101,DJF,2,2010,2/21/2010,-0.8
1102,MAM,3,2010,3/3/2010,-0.5
1103,MAM,3,2010,3/13/2010,-0.5
1104,MAM,3,2010,3/23/2010,0.1
1105,MAM,4,2010,4/2/2010,0.2
1106,MAM,4,2010,4/12/2010,0
1107,MAM,4,2010,4/22/2010,-1.3
1108,MAM,5,2010,5/2/2010,-0.6
1109,MAM,5,2010,5/12/2010,-0.7
1110,MAM,5,2010,5/22/2010,-0.6
1111,JJA,6,2010,6/1/2010,-0.6
1112,JJA,6,2010,6/11/2010,-0.3
1113,JJA,6,2010,6/21/2010,-0.3
1114,JJA,7,2010,7/1/2010,-0.6
1115,JJA,7,2010,7/11/2010,0.1
1116,JJA,7,2010,7/21/2010,-0.4
1117,JJA,7,2010,7/31/2010,0.3
1118,JJA,8,2010,8/10/2010,-0.2
1119,JJA,8,2010,8/20/2010,-1.3
1120,JJA,8,2010,8/30/2010,-1.1
1121,SON,9,2010,9/9/2010,-0.5
1122,SON,9,2010,9/19/2010,-0.4
1123,SON,9,2010,9/29/2010,0.4
1124,SON,10,2010,10/9/2010,-0.4
1125,SON,10,2010,10/19/2010,-0.8
1126,SON,10,2010,10/29/2010,-0.2
1127,SON,11,2010,11/8/2010,-0.5
1128,SON,11,2010,11/18/2010,-0.6
1129,SON,11,2010,11/28/2010,-2.3
1130,DJF,12,2010,12/8/2010,-1
1131,DJF,12,2010,12/18/2010,-1.1
1132,DJF,12,2010,12/28/2010,-1.2
1133,DJF,1,2011,1/7/2011,-0.9
1134,DJF,1,2011,1/17/2011,0.2
1135,DJF,1,2011,1/27/2011,-0.2
1136,DJF,2,2011,2/6/2011,0.7
1137,DJF,2,2011,2/16/2011,0.2
1138,DJF,2,2011,2/26/2011,0.9
1139,MAM,3,2011,3/8/2011,0.8
1140,MAM,3,2011,3/18/2011,0.7
1141,MAM,3,2011,3/28/2011,-0.9
1142,MAM,4,2011,4/7/2011,0.7
1143,MAM,4,2011,4/17/2011,1.8
1144,MAM,4,2011,4/27/2011,1.4
1145,MAM,5,2011,5/7/2011,-0.2
1146,MAM,5,2011,5/17/2011,-0.4
1147,MAM,5,2011,5/27/2011,0.5
1148,JJA,6,2011,6/6/2011,-0.1
1149,JJA,6,2011,6/16/2011,-1.5
1150,JJA,6,2011,6/26/2011,-0.9
1151,JJA,7,2011,7/6/2011,-1
1152,JJA,7,2011,7/16/2011,-0.6
1153,JJA,7,2011,7/26/2011,-0.6
1154,JJA,8,2011,8/5/2011,-1.9
1155,JJA,8,2011,8/15/2011,0
1156,JJA,8,2011,8/25/2011,-0.4
1157,SON,9,2011,9/4/2011,0.2
1158,SON,9,2011,9/14/2011,0.4
1159,SON,9,2011,9/24/2011,0.1
1160,SON,10,2011,10/4/2011,0.4
1161,SON,10,2011,10/14/2011,-0.1
1162,SON,10,2011,10/24/2011,0.5
1163,SON,11,2011,11/3/2011,0.3
1164,SON,11,2011,11/13/2011,0.1
1165,SON,11,2011,11/23/2011,1.4
1166,DJF,12,2011,12/3/2011,1.7
1167,DJF,12,2011,12/13/2011,1.2
1168,DJF,12,2011,12/23/2011,1.1
1169,DJF,1,2012,1/2/2012,1.1
1170,DJF,1,2012,1/12/2012,0.4
1171,DJF,1,2012,1/22/2012,0.8
1172,DJF,2,2012,2/1/2012,0.2
1173,DJF,2,2012,2/11/2012,0.4
1174,DJF,2,2012,2/21/2012,0.5
1175,MAM,3,2012,3/2/2012,1
1176,MAM,3,2012,3/12/2012,1.1
1177,MAM,3,2012,3/22/2012,0.4
1178,MAM,4,2012,4/1/2012,-0.4
1179,MAM,4,2012,4/11/2012,0.3
1180,MAM,4,2012,4/21/2012,0.4
1181,MAM,5,2012,5/1/2012,0
1182,MAM,5,2012,5/11/2012,-0.3
1183,MAM,5,2012,5/21/2012,0.1
1184,MAM,5,2012,5/31/2012,-1.7
1185,JJA,6,2012,6/10/2012,-1.2
1186,JJA,6,2012,6/20/2012,-0.8
1187,JJA,6,2012,6/30/2012,-0.9
1188,JJA,7,2012,7/10/2012,-1
1189,JJA,7,2012,7/20/2012,-0.6
1190,JJA,7,2012,7/30/2012,-0.6
1191,JJA,8,2012,8/9/2012,-0.2
1192,JJA,8,2012,8/19/2012,-0.9
1193,JJA,8,2012,8/29/2012,0.2
1194,SON,9,2012,9/8/2012,0.1
1195,SON,9,2012,9/18/2012,-0.6
1196,SON,9,2012,9/28/2012,-0.7
1197,SON,10,2012,10/8/2012,-0.3
1198,SON,10,2012,10/18/2012,-1.2
1199,SON,10,2012,10/28/2012,-1.9
1200,SON,11,2012,11/7/2012,-0.3
1201,SON,11,2012,11/17/2012,0.1
1202,SON,11,2012,11/27/2012,-0.3
1203,DJF,12,2012,12/7/2012,-0.4
1204,DJF,12,2012,12/17/2012,-0.3
1205,DJF,12,2012,12/27/2012,0.5
1206,DJF,1,2013,1/6/2013,0.3
1207,DJF,1,2013,1/16/2013,0
1208,DJF,1,2013,1/26/2013,0.2
1209,DJF,2,2013,2/5/2013,0.6
1210,DJF,2,2013,2/15/2013,-0.1
1211,DJF,2,2013,2/25/2013,-0.8
1212,MAM,3,2013,3/7/2013,-0.5
1213,MAM,3,2013,3/17/2013,-0.6
1214,MAM,3,2013,3/27/2013,-1.1
1215,MAM,4,2013,4/6/2013,-0.6
1216,MAM,4,2013,4/16/2013,0.5
1217,MAM,4,2013,4/26/2013,1.3
1218,MAM,5,2013,5/6/2013,0.6
1219,MAM,5,2013,5/16/2013,0.5
1220,MAM,5,2013,5/26/2013,-0.2
1221,JJA,6,2013,6/5/2013,0.2
1222,JJA,6,2013,6/15/2013,0.1
1223,JJA,6,2013,6/25/2013,1
1224,JJA,7,2013,7/5/2013,0.9
1225,JJA,7,2013,7/15/2013,0.1
1226,JJA,7,2013,7/25/2013,-0.3
1227,JJA,8,2013,8/4/2013,-0.7
1228,JJA,8,2013,8/14/2013,0.6
1229,JJA,8,2013,8/24/2013,1.2
1230,SON,9,2013,9/3/2013,0.8
1231,SON,9,2013,9/13/2013,0.8
1232,SON,9,2013,9/23/2013,-1
1233,SON,10,2013,10/3/2013,-0.6
1234,SON,10,2013,10/13/2013,-1
1235,SON,10,2013,10/23/2013,-0.7
1236,SON,11,2013,11/2/2013,0.5
1237,SON,11,2013,11/12/2013,0.8
1238,SON,11,2013,11/22/2013,0
1239,DJF,12,2013,12/2/2013,0.1
1240,DJF,12,2013,12/12/2013,0.5
1241,DJF,12,2013,12/22/2013,0.9
1242,DJF,1,2014,1/1/2014,-0.1
1243,DJF,1,2014,1/11/2014,-0.2
1244,DJF,1,2014,1/21/2014,0.4
1245,DJF,1,2014,1/31/2014,0.8
1246,DJF,2,2014,2/10/2014,0.9
1247,DJF,2,2014,2/20/2014,0.8
1248,MAM,3,2014,3/2/2014,0.9
1249,MAM,3,2014,3/12/2014,0.6
1250,MAM,3,2014,3/22/2014,0.6
1251,MAM,4,2014,4/1/2014,-0.3
1252,MAM,4,2014,4/11/2014,0.7
1253,MAM,4,2014,4/21/2014,0
1254,MAM,5,2014,5/1/2014,-0.7
1255,MAM,5,2014,5/11/2014,-0.7
1256,MAM,5,2014,5/21/2014,-0.2
1257,MAM,5,2014,5/31/2014,0
1258,JJA,6,2014,6/10/2014,-0.5
1259,JJA,6,2014,6/20/2014,-0.7
1260,JJA,6,2014,6/30/2014,0
1261,JJA,7,2014,7/10/2014,0.1
1262,JJA,7,2014,7/20/2014,-0.3
1263,JJA,7,2014,7/30/2014,-0.1
1264,JJA,8,2014,8/9/2014,-0.6
1265,JJA,8,2014,8/19/2014,-1.6
1266,JJA,8,2014,8/29/2014,-0.5
1267,SON,9,2014,9/8/2014,0.7
1268,SON,9,2014,9/18/2014,0.5
1269,SON,9,2014,9/28/2014,1.1
1270,SON,10,2014,10/8/2014,-1.3
1271,SON,10,2014,10/18/2014,-0.4
1272,SON,10,2014,10/28/2014,-0.3
1273,SON,11,2014,11/7/2014,0.2
1274,SON,11,2014,11/17/2014,0
1275,SON,11,2014,11/27/2014,0.8
1276,DJF,12,2014,12/7/2014,1.3
1277,DJF,12,2014,12/17/2014,1.5
1278,DJF,12,2014,12/27/2014,-0.1
1279,DJF,1,2015,1/6/2015,1.2
1280,DJF,1,2015,1/16/2015,0.7
1281,DJF,1,2015,1/26/2015,0.9
1282,DJF,2,2015,2/5/2015,0.4
1283,DJF,2,2015,2/15/2015,1
1284,DJF,2,2015,2/25/2015,1.2
1285,MAM,3,2015,3/7/2015,1
1286,MAM,3,2015,3/17/2015,0.5
1287,MAM,3,2015,3/27/2015,1.3
1288,MAM,4,2015,4/6/2015,1
1289,MAM,4,2015,4/16/2015,0.8
1290,MAM,4,2015,4/26/2015,-1.4
1291,MAM,5,2015,5/6/2015,-0.2
1292,MAM,5,2015,5/16/2015,0.2
1293,MAM,5,2015,5/26/2015,0.6
1294,JJA,6,2015,6/5/2015,0.1
1295,JJA,6,2015,6/15/2015,0.3
1296,JJA,6,2015,6/25/2015,-0.5
1297,JJA,7,2015,7/5/2015,-1.4
1298,JJA,7,2015,7/15/2015,-1.9
1299,JJA,7,2015,7/25/2015,-1.2
1300,JJA,8,2015,8/4/2015,-0.4
1301,JJA,8,2015,8/14/2015,0.4
1302,JJA,8,2015,8/24/2015,-1
1303,SON,9,2015,9/3/2015,-0.6
1304,SON,9,2015,9/13/2015,-0.7
1305,SON,9,2015,9/23/2015,-0.1
1306,SON,10,2015,10/3/2015,0.1
1307,SON,10,2015,10/13/2015,0.4
1308,SON,10,2015,10/23/2015,0.7
1309,SON,11,2015,11/2/2015,0.7
1310,SON,11,2015,11/12/2015,0.8
1311,SON,11,2015,11/22/2015,0.7
1312,DJF,12,2015,12/2/2015,1.9
1313,DJF,12,2015,12/12/2015,0.6
1314,DJF,12,2015,12/22/2015,1.1
1315,DJF,1,2016,1/1/2016,0.7
1316,DJF,1,2016,1/11/2016,-0.8
1317,DJF,1,2016,1/21/2016,0.1
1318,DJF,1,2016,1/31/2016,1.1
1319,DJF,2,2016,2/10/2016,1
1320,DJF,2,2016,2/20/2016,1.2
1321,MAM,3,2016,3/1/2016,0.8
1322,MAM,3,2016,3/11/2016,0.5
1323,MAM,3,2016,3/21/2016,0.2
1324,MAM,3,2016,3/31/2016,0.8
1325,MAM,4,2016,4/10/2016,-0.1
1326,MAM,4,2016,4/20/2016,0.3
1327,MAM,4,2016,4/30/2016,-0.4
1328,MAM,5,2016,5/10/2016,-0.6
1329,MAM,5,2016,5/20/2016,-0.3
1330,MAM,5,2016,5/30/2016,-0.1
1331,JJA,6,2016,6/9/2016,-0.7
1332,JJA,6,2016,6/19/2016,0.1
1333,JJA,6,2016,6/29/2016,0.3
1334,JJA,7,2016,7/9/2016,-1.4
1335,JJA,7,2016,7/19/2016,-0.1
1336,JJA,7,2016,7/29/2016,-1.2
1337,JJA,8,2016,8/8/2016,-0.7
1338,JJA,8,2016,8/18/2016,-0.9
1339,JJA,8,2016,8/28/2016,-0.7
1340,SON,9,2016,9/7/2016,0.7
1341,SON,9,2016,9/17/2016,0.5
1342,SON,9,2016,9/27/2016,-0.5
1343,SON,10,2016,10/7/2016,0.3
1344,SON,10,2016,10/17/2016,0.2
1345,SON,10,2016,10/27/2016,0.1
1346,SON,11,2016,11/6/2016,-0.2
1347,SON,11,2016,11/16/2016,0.5
1348,SON,11,2016,11/26/2016,-0.4
1349,DJF,12,2016,12/6/2016,-0.6
1350,DJF,12,2016,12/16/2016,0
1351,DJF,12,2016,12/26/2016,1
